assay_id,pdb_id,pubmed_id
1497442,2R56,17997967
1492247,1ZEA,17712773
1706946,3IXT,20098425
1707040,1ZA3,15854651
1907474,1N7M,12552112
1907473,1NGW,12552112
1904245,1Y0L,15788533
1904246,1Y18,15788533
1910990,1HI6,9413990
1910988,1CFS,9413990
1910989,1CFT,9413990
1910961,1CFN,9413990
1910987,1BOG,9413990
1911165,2FX7,17125793
1911171,2FX9,17125793
1911172,2FX8,17125793
1979437,3TJE,22261618
1979451,3THM,22261618
1989259,4EJ1,23911607
1989260,4EIZ,23911607
1989264,4FHB,23911607
1989268,4EIG,23911607
2000988,4KDT,23904325
2004973,3UBX,22110136
2014391,1OAZ,12610298
1967188,4FQK,22878502
1961163,4DGI,23090399
1980686,1MCK,8346191
1980687,1MCL,8346191
1980688,1MCN,8346191
1492301,1PKQ,12874380
1495933,1RVF,8848050
1497451,2HH0,16962610
1586836,3EYF,18772881
1495423,1UWX,16470851
1707041,1KB9,11726495
1510569,1S78,15093539
1510626,1YY9,15837620
1717070,1ADQ,9145108
1599742,3GBN,19251591
1599743,3GBM,19251591
1786628,3C6S,18621718
1786498,1IC4,11297547
1482936,1FPT,7539711
1511682,1NFD,9427737
1511683,1NFD,9427737
1511684,1KXT,11960990
1511685,1KXQ,11960990
1511686,1KXV,11960990
2857934,5KEL,27562261
1786504,1IC7,11297547
1786501,1IC5,11297547
1786614,2A9N,16195545
1804642,1J1P,12444085
1804645,1J1X,12444085
1491387,1JPS,11601848
1491355,1LK3,12121653
1491562,1I9R,11525169
1491564,1G6V,11342547
1491563,1IQD,11418455
964,1MHP,12662928
167,1SY6,15136729
1770503,3IFN,19923222
1600725,3CFI,19118632
1770520,3I50,19713934
1770504,3IFO,19923222
1769356,3IXX,19713934
1769361,3IXY,19713934
1708126,3G5V,19289842
1636350,3DSF,18694758
1638732,2R0W,17895381
1638733,2R0Z,17895381
1985952,1EHL,10835279
1774335,3EZJ,19217396
2098272,4L5F,24743696
1708128,2VH5,18187153
1774310,3K3Q,20138889
2006790,3W11,23302862
2006806,3W12,23302862
2006808,3W13,23302862
1805474,2IBZ,17337272
1985942,1I8M,11733999
5737,4FAB,2508085
1495535,2J5L,17229439
1495547,1QLE,10559205
1714919,2ZJS,18923527
1785160,3A67,20038580
1785161,3A6C,20038580
1785162,3A6B,20038580
1786205,1ZVY,16537393
1787342,1JTP,11676532
1787341,1JTT,11676532
1787435,3BGF,19324051
1771612,1VFB,8302837
1771963,1JHL,8356074
1771361,1BVK,9463398
1772040,2IFF,7531245
1769280,1BQL,8880929
1769364,1A2Y,9609690
1976269,4JPK,23539181
1799393,3GI9,19608859
1808740,3GI8,19608859
1714925,3D85,18708069
1770456,2BSE,16327804
1716829,2JIX,17620453
1707042,3IU3,20032294
1770476,2JIX,17620453
1787454,1NBY,12515535
1784752,1YQV,15858274
1787455,1NBZ,12515535
1785171,2DQC,17166830
1796304,2P49,17888451
1796307,2P4A,17888451
1786505,1UA6,12709438
1783630,2EKS,18227432
1786877,3HZK,20000757
1376700,1TQC,15240887
24207,1T6V,15319492
1717593,3BN9,18514224
1708356,1CZ8,10543973
1495949,1QGC,9130694
1785172,2DQF,17166830
1788616,1XGP,15698573
1786529,1UAC,12709438
1785169,2DQJ,17166830
1785170,2DQI,17166830
1786771,3E8U,19274732
1795677,3GB7,19946269
1795678,3IGA,19946269
1356635,1KCR,11120821
1786874,3HZM,20000757
1631130,2HKF,18041760
1642058,1KTR,12054774
1789513,2DQF,17166830
1785173,2DQD,17166830
1953416,3V0A,22363010
1955582,3STB,22039098
1792332,1XGQ,15698573
14182,1FRG,7520084
164,1OSP,9108020
1004291,1NCB,1522584
1974627,3SKJ,21867711
1972025,4AQ1,22722836
1737035,1M7D,12427018
1975987,4I9W,23341632
1811893,2WZP,20351260
1792333,1XGT,15698573
1811776,1DBB,8496956
1822928,2R2E,18272175
1783632,2EIZ,18227432
1857751,2VWE,18930733
1634729,2ADF,16314412
1702295,2R29,18264114
1778386,3HNT,19577573
1779502,3LZF,20339031
1778385,3HNS,19577573
1782467,1NDM,12740607
1782468,1NDG,12740607
1782053,1MEL,8784355
1480185,2MPA,9294871
1480006,1A3R,8194515
1495509,2J4W,17229439
1495945,1EJO,10811933
2520484,4XAK,26370782
1708117,1TZI,15306681
1708118,1TZH,15306681
1708119,1P84,12782631
1708120,1KYO,11880631
1708121,1FNS,11017197
1708122,1AR1,9380672
1708123,1IGC,7966308
1708124,1OAK,9501911
1708125,3G5Y,19289842
1507139,1SM3,9826510
1858335,3IKC,19767317
1848062,2I60,18619974
1848226,2QAD,17901336
1847624,3HR5,20458139
1778425,1DZB,10926506
1495939,2EH8,17517649
1778387,3HNV,19577573
1778412,3GGW,19328810
1782372,1OP9,12917687
1779997,1MFC,7689495
3817775,5U8Q,29483580
3817772,5U8R,29483580
2519346,4YBQ,26416735
1717198,1VPO,12196551
1785174,2DQG,17166830
1785175,2DQE,17166830
1785176,2DQH,17166830
1781566,3HFM,2762305
1787691,1MFB,7689495
1784876,1DZB,10926506
1781548,1J1O,12444085
1480384,2BRR,16038932
1770491,2BJM,16129832
1770497,3IFL,19923222
1706907,2DTG,16957736
1706905,2DTG,16957736
2007892,4KK6,24036509
2007893,4KKL,24036509
2007915,4KK9,24036509
2007916,4KKA,24036509
2007917,4KKB,24036509
2007918,4KKC,24036509
2007919,4LOU,24036509
2007920,4KK8,24036509
2072790,3J69,24501405
2072799,3J6A,24501405
1772755,3G04,17542669
1773345,2W9E,19204296
1492169,2I9L,17688903
2857953,5KEM,27562261
3110164,5TLK,28119207
3132750,4KUC,23853097
3132831,5U1F,28218750
3133103,4XVT,25865483
3133047,5T4Z,28249163
1771928,1KIP,8952503
1771930,1KIQ,8952503
1769319,1DQJ,10828942
1848480,1HYS,11250910
1813768,3EO1,19073914
1853971,1TJH,15367639
1838738,1R0A,15016861
1819296,3H0T,19553669
1816841,3BSZ,19021760
1821941,2VDR,18710925
1822584,3L95,20393564
1845995,2XQY,21149698
1822722,1IAI,8127852
1928672,3MOA,21076400
1859013,3H3P,19906921
1852475,3NH7,20927405
1787790,1MLC,7966295
1783634,2YSS,18227432
1482343,1WCB,16790434
1786633,3T4Y,14625588
1786629,3T65,14625588
1786630,3SY0,14625588
1786627,3BZ4,18621718
1212764,1F4X,10880560
1653778,2FJG,16373345
311,1OAR,12610298
2054,1OB1,12729744
3294,1RJL,15713683
373,1NSN,7473734
4738,1MFD,8172893
14759,2VIR,7596443
1005672,1QFU,10360354
1698493,1F3R,10679615
1636846,1CE1,10366506
1636847,2IGF,2333521
1928673,3MOD,21076400
1928674,3MOB,21076400
1917071,2Y6S,22171276
1848621,2NY7,17301785
1693727,2OSL,17395584
1666966,1KB5,9250664
1478116,1QKZ,10512717
1835251,3QWO,21549714
1861908,1S3K,15223322
1842151,1N5Y,12456667
1852186,3DET,18678918
1839010,3IDJ,19740978
1838984,2PW1,19740978
1838979,1U8H,19740978
1822929,2R1W,18272175
1004281,1NCA,1381757
1403365,1XCT,15930632
1403367,1XCQ,15930632
1330024,1XCT,15930632
210,1JRH,9367779
33,1FJ1,11183781
1278274,1N64,12574359
1275786,1A14,9642070
1638742,3ETB,19361425
1638743,1I8I,11352579
1638744,1I8K,11352579
1639229,2VIS,9461077
1639230,2VIT,9461077
1650227,1V7M,14769915
1650226,1V7N,14769915
1630979,2VXQ,19201867
1703101,3EYU,19385664
1637580,1QFW,10373373
1480309,1Q0Y,15019787
1861895,3ZTN,21798894
2213,1TPX,15240887
4726,1MFA,7517550
6222,1P4B,14754898
6181,1P7K,15340914
1397695,2NYY,17173035
1397742,2NZ9,17173035
2525,1FSK,10861069
2857882,1NCC,1522584
1649125,1OAZ,12610298
1667736,1OTS,12649487
1813180,1CIC,1700305
1667738,1OTU,12649487
1679247,3BKY,18346788
1653850,2J6E,17395205
1811736,2BOC,15852022
1811737,2BOB,15852022
1650338,3EYS,19385664
1853972,1TJI,15367639
1004282,1NCD,1381757
6518,1MLC,7966295
4610,1M7I,12427018
3298,1NMB,7994573
24208,2VDK,15378069
961,1UJ3,14646147
2603,1EZV,10873857
5736,1T66,15178254
1773140,2W65,19204106
1812582,2ATK,16532009
1636160,2V17,18061582
1667737,1OTT,12649487
1587039,2NR6,18519566
1785956,1G7H,11112523
1212765,1F4Y,10880560
2376245,4W6Y,25502211
1631264,2OR9,18473392
3817782,5XMH,29523691
1403284,2GHW,16954221
3133600,3Q1S,22033480
3133604,4EDX,24830649
3133606,4EDW,24830649
3133955,3QNZ,23519414
3133599,4G7Y,24487958
1634730,1XGY,16407202
1786221,1ZVH,16537393
1786226,1ZV5,16537393
1785957,1G7I,11112523
1785958,1G7J,11112523
1848912,1RZJ,14981267
1848902,1RZK,14981267
1848099,3HI1,19965434
1848119,3IDX,19965434
1633970,1KC5,11859128
3137864,5D71,26406987
1403366,1XCQ,15930632
1376701,1TQB,15240887
3137865,5C7X,26406987
3133513,5IBL,27820604
1812401,1R3K,14583193
1812402,1R3I,14583193
1853519,3EJZ,19139174
1857716,1AI1,9054968
1853518,3EJY,19139174
1795941,2R4R,17952055
1848125,3IDY,19965434
1848801,3BQU,18692506
1847946,2I5Y,18619974
1846595,1G9N,11188697
1859610,1G9M,11188697
1630832,2ZPK,18787202
3133597,4G7V,24487958
3133549,5EZO,28195038
3133598,4G80,24487958
1819647,3DVG,18724939
1818983,3HI6,19805116
1831556,3O41,20881049
1831558,3O45,20881049
1795956,2R4S,17952055
1795774,2IH1,17095703
1795771,2IH3,17095703
1801206,2ZUQ,19214188
1812573,2ITC,17472437
1812574,2ITD,17472437
1812575,2NLJ,17472437
1812580,2HJF,17070844
1812174,1K4C,11689936
1812188,1K4D,11689936
1812368,1S5H,15099749
1801490,2KH2,19776018
1813237,3CX5,18390544
1813239,3CXH,18390544
1813225,2P44,18445622
1633969,1KCS,11859128
1835627,2QSC,18068724
1835383,3GHE,19913488
1835560,3FN0,19515770
1835860,3DRT,19754136
1835864,3EGS,19754136
1638731,2IPU,17895381
1637582,1QFW,10373373
1813226,2P45,18445622
1813229,2P46,18445622
1813230,2P47,18445622
1831619,3IXX,19713934
1835778,1E4W,11718562
1833559,2HFG,16840730
1831632,3IXY,19713934
1835752,1E4X,11718562
14757,1EO8,10899782
1639134,3BKJ,18237744
1639135,3BAE,18237744
1636349,3CXD,18694758
1649935,1FE8,11098050
312,1OAY,12610298
165,1XIW,15534202
1004360,1NMA,7517697
1658277,3FMG,19520960
965,1BZQ,10196124
1653777,2FJH,16373345
2867001,5E1A,27432996
1831823,2YBR,21489992
1846596,3P0G,21228869
1848175,3BPC,18272175
1636121,2G5B,16946732
1480150,2H1P,9417940
1674327,1OAX,14500876
1706947,2FD6,16456079
1706948,2BDN,16682434
1849851,3PHQ,21543444
1849842,3PHO,21543444
1838812,3PGF,21378967
1841644,1AFV,8784350
1841603,1GC1,9641677
1785959,1G7L,11112523
1785960,1G7M,11112523
1475026,2Q8B,17907804
1475702,2Q8A,17907804
1787337,1JTO,11676532
1861896,3ZTJ,21798894
1852486,3OKD,21405106
1852487,3OKK,21405106
1852488,3OKE,21405106
1852491,3OKO,21405106
1852489,3OKL,21405106
1852490,3OKN,21405106
1475256,2QHR,18005986
1795807,1JTO,11676532
1795808,1JTP,11676532
1786883,3HZY,20000757
1786884,3I02,20000757
1786887,3HZV,20000757
1789602,1RJC,15659390
1813222,2P43,18445622
1813215,2P42,18445622
1813231,2P48,18445622
1801410,1DVF,8950273
1805473,3EHB,18930738
1805463,3HB3,19374884
1811839,3EFD,19346472
14758,1QFU,10899782
24311,1OB1,12729744
1004248,2AEP,16384583
1212758,1TET,7690406
2019377,4MWF,24288331
310,1OAU,12610298
1275783,2VIR,9461077
1984,1N8Z,12610629
2857950,5KEN,27562261
2857935,5KEL,27562261
1803592,3LIZ,21123808
1816223,3KJ6,20054398
1815659,3B9K,18929574
1807431,2R2H,18272175
1807434,2R23,18272175
1807223,2R2B,18272175
1822931,2R1X,18272175
1822933,2R1Y,18272175
1835628,3C2A,18566514
1835619,1TZG,15723805
1835377,3GHB,19913488
2211,1NL0,14722079
378,1YJD,15696168
1482524,2BMK,16790434
1243426,1ZTX,16193056
1270936,2DD8,16597622
3063871,5H37,27882950
3110134,5U68,28134915
32,1H0D,12842050
1275787,1NMC,9642070
31,1C08,10488102
1278340,1CU4,10543972
1418717,2J88,17374540
1634910,2A6I,16618601
1634911,2A6D,16618601
1835247,3LQA,20357769
1834377,2X7L,20231488
1834450,3C09,18394559
1786251,3D9A,19781789
1786277,1P2C,14988501
1792334,1XGR,15698573
1792335,1XGU,15698573
1640123,2AP2,10570132
1481641,2FL5,16537445
1482338,2DDQ,16603628
1336642,1Z3G,16327807
462,1BGX,9770525
375,2JEL,9671553
1246572,1YNT,16242717
1919,1SQ2,15319492
871,1AHW,9480775
14243,1IFH,8263915
1634912,2A6K,16618601
1708885,1CLZ,7664109
1708884,1CLY,7664109
1764237,1FDL,1712773
1771925,1KIR,8952503
1840782,2CMR,16862157
1828509,1F90,11468348
1831824,2YC1,21489992
1835630,2B1A,16731948
1835631,2B0S,16731948
1841713,2B1H,16731948
1848465,2OQJ,18198210
4609,1PZ5,14645714
4737,1MFE,1713710
1004385,1HIM,1546293
377,1EGJ,10753826
1789603,1RI8,15659390
3110155,5TLJ,28119207
3110157,5TLJ,28119207
3110162,5TLK,28119207
1974432,3V4P,22232704
1976386,2X89,21220305
1975974,3P9W,23507309
1813253,2QQK,17989695
1813256,2QQL,17989695
1811877,1ORQ,12721618
1818220,2VXS,19835883
1817555,3G6D,19361524
1927762,2CJU,16682055
1927710,3LH2,20826338
1927711,3LHP,20826338
1822612,3L5X,20226193
1819645,3DVN,18724939
1823136,1PG7,12888350
1838721,2HMI,9837729
1800910,2H8P,16939283
1800936,2HFE,16939283
1904247,3CSY,18615077
1959744,4ERS,22908259
1953433,2Z8V,17997971
1953434,2Z8W,17997971
1959773,4GMS,23027945
1983357,3ZDY,23798730
1983358,3ZDZ,23798730
1983359,3ZE0,23798730
1983360,3ZE1,23798730
1983361,3ZE2,23798730
1984219,3J42,23740974
1985239,4HEM,23530214
1985240,4IOS,23530214
1940209,3UYP,22285214
1953155,3GKZ,19760665
1953156,3GM0,19760665
1953754,3STB,22039098
1965248,3SQO,22019884
2605317,5BO1,26580007
2605454,4V1D,26589800
2605453,4V1D,26589800
2605555,5DUM,26635249
2605557,5DUR,26635249
2605556,5DUP,26635249
2621138,4XWG,26195816
1848535,3QG6,21454495
1839014,1U8M,19740978
1838987,1U8J,19740978
1839002,1U8L,19740978
1839015,1U8N,19740978
1839016,1U8O,19740978
2007228,4LSP,23911655
1854070,3OGO,20945358
1859848,3HPL,20613845
1859923,3FB7,20613845
1965482,4GXU,23236279
1969717,4I3S,23236069
1969720,4I3R,23236069
1970272,3RU8,22021856
1899239,1X9Q,15465055
1884689,1I7Z,11469854
1884806,1H8S,11397088
1815556,2D03,16204891
1815526,1T2Q,16204891
1842129,1OP3,12829775
1849727,3QCU,21392506
1839017,1U8P,19740978
1966733,4GLR,23148212
1969731,1QD0,10684599
2007331,4LSQ,23911655
2007332,4LSR,23911655
2012364,4LDL,24056936
2012365,4LDO,24056936
2024019,3LS4,20630472
1970943,3EBA,19010777
1971359,3V6Z,23219881
1969125,4DKE,22483114
1969121,4DKF,22483114
1966476,3ULU,22579623
1966591,3ULU,22579623
1966592,3ULU,22579623
1903836,1NC2,14653738
1903838,1NC4,14653738
1903832,2JB5,18241888
1903833,2JB6,18241888
1849729,3QCV,21392506
1850112,1BFV,9261086
1984683,2FR4,18028946
1990292,4H88,23903654
2006133,2OK0,17512945
1983315,4D9R,22362762
2004659,3K1K,20010839
2024571,4C2I,24421336
2024568,4KFZ,24407558
1980677,1MCB,8346191
1980680,1MCC,8346191
1980681,1MCD,8346191
1980682,1MCE,8346191
1980683,1MCH,8346191
1980684,1MCI,8346191
1904242,3BD3,18338383
1904243,3BD5,18338383
1904244,3BD4,18338383
1904482,3FO9,19968282
1903005,1MJJ,12948492
1865104,3IF1,20479270
1928123,3CVH,18703505
1850148,2NXY,17301785
1850149,2NXZ,17301785
1850150,2NY0,17301785
1850151,2NY1,17301785
1850152,2NY2,17301785
1850153,2NY3,17301785
1850154,2NY4,17301785
2004660,3G9A,20010839
1967614,3V0W,23184990
1976154,4HS6,23458406
1976155,4HS8,23458406
1977781,4HLZ,23552413
1979309,4HZL,23589879
1979575,4F37,23609990
1980011,2GSI,23473830
2857955,5KEN,27562261
1823567,3G6J,19196712
1811879,1ORS,12721618
1811743,2OZ4,17881562
1853386,3OGC,21402935
1852787,3OR7,21186363
1852790,3OR6,21186363
1866371,3KR3,20515953
1866380,3GRW,19381019
1850155,2NY5,17301785
1850156,2NY6,17301785
2000480,4LMQ,23812669
1989746,4G3Y,23504311
1838980,1U8Q,19740978
1839019,1U91,19740978
1839018,1U92,19740978
1839020,1U93,19740978
1838981,1U95,19740978
1838975,2F5B,19740978
1861049,3K81,20969962
2004875,4JG0,23955275
2015710,4MQT,24256733
1963826,4HKX,23175789
1850116,2BFV,9261086
1850117,1CFV,9261086
1850185,1JNN,11812141
1850190,1JNH,11812141
1899153,1MRF,7523684
1899154,1MRE,7523684
1899155,1MRD,7523684
1882549,3I9G,19815502
1838720,2P8L,18824005
1838722,3D0V,18824005
1859705,2XWT,21247981
2018894,4LF3,24189067
2004876,4JFZ,23955275
2004877,4JFX,23955275
1903109,1MH5,12948492
1903110,1MJ7,12948492
1917087,1NAK,14592768
1911199,1E6J,11080628
1915585,1F58,10368281
1915588,1GGI,8327513
1911158,2B4C,16284180
1838723,2P8P,18824005
1838724,2P8M,18824005
1838725,3DRO,18824005
1838726,3D0L,18824005
1838727,3DRQ,18824005
1982059,4F9L,22846996
1982061,4F9P,22846996
1974072,4HFU,23396351
1974073,4HG4,23396351
1974075,4HF5,23396351
1984771,3QSK,21766385
2004455,4IOF,23922390
1989465,3SOB,21944579
2004632,4K3J,23882082
1917096,1YYL,15893666
1917111,1YYM,15893666
1917078,3JWD,20080564
1917079,3JWO,20080564
1937642,3VE0,22590681
1985953,3S35,21827946
1985954,3S37,21827946
1985955,3S36,21827946
1917115,3NGB,20616231
1917080,3MNW,21076400
1922177,3OAY,20852065
1922189,3OAZ,20852065
1922190,3OB0,20852065
1927563,3MAC,21085615
1927564,3MA9,21085615
1928052,1NGX,12552112
1977823,4JPV,23540694
1977831,4JPW,23540694
1979281,4JDT,23524883
1786626,1WC7,15805602
1786631,3T77,14625588
1786632,1Q9W,14625588
1865062,3IET,20479270
1940738,4DGV,22623528
1940731,4DGY,22623528
1989476,4KRL,23791944
1989479,4KRO,23791944
1989489,4KRO,23791944
1989481,4KRP,23791944
1989478,4KRM,23791944
1989491,4KRP,23791944
2019184,4HJ0,23689510
2019468,4MXV,24248355
2019469,4MXW,24248355
1853705,2VXT,19553661
1902648,1IBG,7739045
1910913,1ACY,7511253
1903660,2CGR,7893280
1906289,1IGJ,8234291
1908020,1KNO,8524836
1906523,1GAF,8599084
1907332,1KEL,8643580
1903662,1IND,8218161
1903663,1INE,8218161
1903703,1AXS,9305839
1904344,1C12,10525411
1865819,1W72,15537658
1866656,2UZI,17568777
1967705,3KS0,20546754
1857764,3CVH,18703505
1974505,3H3B,21680730
1907645,1NCW,12742019
1907644,1ND0,12742019
1902942,3S88,22101933
1902946,2Y5T,22127694
1966326,2OTU,17450152
1966299,2OTW,17450152
1970289,4HGW,23295476
1884039,2AK1,16472740
1974358,3VI3,22451694
1974361,3VI4,22451694
1971997,4DKA,22561373
1971999,4DK6,22561373
1972000,4DK3,22561373
2007036,4M1D,23944979
1786838,3IJH,19767317
1851714,2FEE,16316975
1851715,2FED,16316975
1851716,2FEC,16316975
1842040,1TJG,15367639
1842148,1N6Q,12456667
1838983,3IDG,19740978
1838982,3IDI,19740978
1839011,3IDM,19740978
1839012,3IDN,19740978
1838985,2PW2,19740978
1838986,1U8I,19740978
1812399,1R3J,14583193
1812403,1R3L,14583193
1981935,4H0I,23733869
1981936,4H0H,23733869
1940197,3UZQ,22285214
2007965,4M5Z,24027321
2012355,4LDE,24056936
2012369,3AB0,21322055
2019472,4CAD,24291792
1822632,4PS4,20226193
1978009,4JN2,23476049
1978067,3ZLQ,23590342
1979960,4JR9,23665960
1979961,4JRE,23665960
1813783,2ARJ,16530222
1822611,3L5W,20226193
1811734,2A0L,16223877
1812581,1ZWI,16532009
1813461,2HVK,17196615
1813467,2HVJ,17196615
1813468,2DWD,17196615
1813469,2DWE,17196615
1845035,2QR0,17825836
1884019,1ZMY,16095608
1898789,1DL7,10859335
1866485,3EOB,19258452
1940202,3UZV,22285214
1940205,3UZE,22285214
1850137,2XQY,21149698
1845941,3R1G,21613622
1845222,2HRP,9150407
1842035,1Q1J,14962380
1838737,1T03,15107837
1482351,2BMK,16790434
2008228,4I0C,23919586
2021745,4KI5,24085769
2021746,4KI5,24085769
1980057,4JZN,23696737
1980058,4JZO,23696737
1978147,3U9P,22928018
1904341,1WZ1,16019026
1910664,2B2X,16597831
1910930,2R0K,18077410
1910951,2R0L,18077410
1907831,3BT2,18376415
1903111,3FO0,19846764
1849260,3K2M,20357770
1854106,2XTJ,20959675
1972979,4HWB,23384096
1972911,2LTQ,23416557
1973027,2YPV,23396847
1973825,4HIX,23416764
1852651,2HTL,16949616
1852663,2H2P,16905147
1852664,2H2S,16905147
1852665,2EXW,16341087
1852666,2EXY,16341087
1852667,2EZ0,16341087
1861070,3K80,20969962
1884690,3PHQ,21543444
1861048,3K7U,20969962
1511861,1BJ1,9753694
1903119,3FO2,19846764
1903120,3FO1,19846764
1786841,3IJY,19767317
1786840,3IJS,19767317
1813244,2QQN,17989695
1982263,4HT1,23667509
1981892,4HGK,23632026
1981894,4HGM,23632026
1927800,1LO2,12093912
1927801,1LO3,12093912
1927723,2Z92,18463096
1927724,2Z93,18463096
1927729,2UUD,16682055
2014888,3J5M,24179160
2009284,4JQI,23604254
2014889,4NCO,24179159
2004477,4KSD,23901103
1906466,1CT8,10574796
1904240,1A3L,9506943
1906327,1F3D,10963661
1911138,1HH6,10990450
1911137,1HH9,10990450
1911159,1QNZ,10801487
1904228,1YEC,9027317
1904229,1YED,9027317
1903006,1A0Q,9753552
1883848,3EYV,19901987
1884036,2AJV,16472740
1884037,2AJX,16472740
1958990,4FP8,22982990
1973760,3V6O,22405007
1800937,2HG5,16939283
1852682,3EFF,19346472
1513945,1MVF,12533537
1964954,1UZ8,15242599
1965457,4G6J,23041424
1968951,3PNW,23219464
1985951,1KEG,22349224
1989952,4HEP,23530214
1997000,4LAJ,23843638
1968956,4DW2,23016918
1968796,3U30,22227388
1980689,1MCQ,8346191
1980690,1MCR,8346191
1927495,3O2D,21134642
1927507,3P30,21076402
1922184,3O6L,21035463
1922183,3O6M,21035463
1917126,3OAU,20702629
1922176,3KLH,20852643
1922214,3MLR,20622876
1922216,3MLT,20622876
1922217,3MLV,20622876
1922218,3MLU,20622876
1922219,3MLS,20622876
1922221,3MLX,20622876
1922222,3MLW,20622876
1922223,3GO1,20622876
1922225,3MLZ,20622876
1922227,3MLY,20622876
1861092,3N85,20654626
1859924,3MJ9,21220118
2096954,3WBD,24100042
2097248,4OII,24594604
1955469,2DBL,8413674
1955470,1DBJ,8413674
1955471,1DBK,8413674
1955472,1DBM,8413674
1977949,4JAN,23552890
1984265,4JM2,23708606
1985860,1XF2,15784256
1985862,1CBV,1749770
1973133,3T0W,22390683
1973136,3T0X,22390683
1973769,3T2N,22132769
1973763,3VG9,22286059
1973768,3VGA,22286059
1974406,3QA3,22095715
1930799,3RVW,22210776
2014387,1OAX,12610298
2854034,5JQH,27409812
1943150,3V7A,22278249
2008225,3W9E,24100313
1899060,1BAF,1920408
1866632,1KFA,12054627
1899144,1NGP,7490744
1884627,1Q72,15885702
1884668,1QYG,15885702
1903648,3H42,19443683
1883881,2O5Y,18689687
1883883,2O5Z,18689687
1930801,3RVX,22210776
1936181,4AL8,22491255
1965227,3FCT,9772166
1971949,4HPO,23313589
1971950,4HPY,23313589
1980064,4J6R,23661761
1980065,4JB9,23661761
1985670,4JKP,23712429
1985801,4JO1,23864637
1985802,4JO2,23864637
1985803,4JO3,23864637
2021828,4NBY,24311789
2021855,4NBZ,24311789
2021857,4NC1,24311789
2021858,4NC2,24311789
2015709,4MQS,24256733
2015845,1KEN,11886266
1960827,4FFY,23055922
1960835,4FFZ,23055922
1960925,3U9U,22761786
1965464,4G6M,23041424
1981284,3ZKM,23695257
1981285,3ZKQ,23695257
1981287,3ZKX,23695257
1981297,3ZKS,23695257
1981298,4BEL,23695257
1981299,4BFB,23695257
1981286,3ZKX,23695257
2021856,4NC0,24311789
1884038,2AJZ,16472740
1980703,1MCS,8346191
1980704,1MCF,8346191
2083787,4K94,24127596
2083797,4K9E,24127596
1981296,3ZKN,23695257
2004846,4JG1,23955275
2021880,4NC1,24311789
2373064,4RBP,25380763
1904231,1YEE,9027317
1904504,1AJ7,9180069
1904209,1YEF,9223277
1904216,1YEG,9223277
1906353,1C1E,10600746
1903658,1YNK,16026161
1903659,1YNL,16026161
1906533,2C1P,16427081
1910955,2H9G,16859704
1903704,2G2R,17089439
1885581,2AJY,16472740
1884040,2AJS,16472740
1899098,1YUH,8544863
1899079,43CA,10438624
1902951,1FL3,11030644
1903003,1EAP,8066444
2094108,4BKL,24534192
1917114,2XRA,21124990
1922230,3LEV,20876137
1922419,3LEY,20876137
1922423,3LEX,20876137
1927799,1LO0,12093912
1850135,1I9J,11707437
1831442,3IYW,20956322
1853589,3NIG,20679525
1850128,1JGL,11451948
1853591,3NID,20679525
1853592,3NIF,20679525
1863509,3GJF,19307587
2028721,4LBE,24218397
2007713,4D9Q,22362762
2030149,4GQP,24419156
2028720,4LCU,24218397
2030847,3FFD,19346515
1974378,3Q3G,22095715
1974434,3V4V,22232704
1973686,3TT1,22230955
1973688,3TT3,22230955
2857958,5KEM,27562261
2858296,5KZC,27560183
1927927,3MNZ,21076400
1953173,1DBM,8413674
1955491,3T3P,22422993
1956147,4G6A,22973046
1958953,4DN4,22487721
1936194,4ALA,22491255
1936195,4AM0,22491255
1945006,3U0T,22197375
1953165,2DBL,8413674
1953171,1DBJ,8413674
1953172,1DBK,8413674
1954009,4F2M,22876187
1983473,3QUM,22037582
1983475,3QUM,22037582
1983950,3K2U,20004165
1908251,1YEJ,9826512
1907342,1OP5,12829775
1906751,1A8J,9630831
1908249,1YEI,9826512
1908252,1YEK,9826512
1904185,25C8,10353817
1904180,35C8,10353817
1910999,1J5O,10468556
1906264,3CFD,18309081
1906265,3CFB,18309081
1955438,3OPZ,22241998
2007333,4LSS,23911655
2007334,4LST,23911655
2007335,4LSV,23911655
2007336,4LSU,23911655
1969160,4AG4,22483115
1966368,4G6F,23151583
1965443,1UWG,14988504
1965442,4ENE,23239938
2021826,4NBX,24311789
2021851,4NBY,24311789
2071780,4K24,24465541
2071858,3WKM,24389025
1983962,2WUB,20004165
1983400,3LDB,20679243
1983391,3LD8,20679243
1984496,3SN6,21772288
1984501,3SN6,21772288
2094897,4LVH,24587046
2094938,4KHX,24244293
2095015,4JLR,24499818
2024855,4MA8,24373770
2024853,4MA7,24373770
2024856,4N9O,24400836
1970290,2I25,17258766
1904357,2DQT,17428500
1904361,2DQU,17428500
1915586,2F58,10368281
1915587,3F58,10368281
1885297,5UGY,21825125
1885279,3SGE,22069505
1884021,2NTF,17400249
1904154,3RHW,21572436
1904156,3RIF,21572436
1904157,3RI5,21572436
1904158,3RIA,21572436
1981431,4K2U,23717209
2094937,4KHT,24244293
2095036,4N9G,24499818
2095141,4NX3,24553139
1863504,3NCY,19578361
1852732,3MXW,20504762
1863511,3HAE,19307587
1852362,2XQB,21167836
1859282,3PP4,21444918
1853231,3NFP,20820193
1853169,3O0R,21109633
1863332,3KJ4,20815818
1865850,3B2U,18275813
1865852,3B2V,18275813
1866648,3BDY,19299620
1940215,3J1S,22682774
2030858,4OD2,18219321
2031873,4C83,24488440
2031889,4IRZ,24047894
1981301,4K4M,23717209
1981635,4JHW,23618766
1981780,4DQO,23708607
1982607,4JM2,23708606
1982702,1JP5,11591344
1955430,3UX9,22307521
1928154,3QWO,21549714
1957689,4GAJ,22993159
1957690,4GAG,22993159
2021493,4NM8,24335589
2043607,4KML,24400836
1955478,4DAG,22388735
1955490,3T3M,22422993
1955500,4DTG,22563084
1954672,4FQI,22878502
1955029,4FQJ,22878502
1954673,4FQV,22878502
1954674,4FQY,22878502
2853176,5IWL,27294525
2019281,4LAR,24349338
1983963,2WUC,20004165
2006812,3W14,23302862
1866642,2ZCK,18187150
1866640,2ZCH,18187150
1866643,2ZCL,18187150
1970302,2I26,17258766
1965354,4FG6,22753511
1970203,4AEI,22371498
1970410,3RA7,21536919
2021206,4LAS,24349338
2007845,4KJP,24036509
2007889,4KJQ,24036509
2007890,4KJW,24036509
2007891,4KK5,24036509
2004972,3UBX,22110136
2007094,4F15,23636824
2006755,3K74,21238460
2006921,3R08,22262845
2012320,4MSW,24128761
2012335,4IJ3,23867277
2012888,3SE9,21835983
2012889,3SE8,21835983
2095148,4F3F,22787150
1928155,1W72,15537658
1929071,3LQA,20357769
1929072,3GJF,19307587
1929073,3HAE,19307587
1969131,1JGU,11724535
1971844,4I77,23357170
1970925,2X6M,20620148
1965228,1A4K,9506942
1965247,1FIG,8303271
1906752,1D6V,10651626
1906520,1C5C,11183784
1903661,1ETZ,10993728
1907329,1I3U,11469862
1907333,1FL6,11535051
1907481,1KN2,11878955
1907482,1KN4,11878955
1903822,2PCP,9786848
2095164,4OCL,24516147
2095165,4OCM,24516147
2095166,4OCN,24516147
2095274,4CKD,24613486
2095957,4DVR,24489681
2096398,4ORZ,24620746
1931350,3SDY,21737702
1866646,3BE1,19299620
1865479,2VYR,19084022
1928228,3UAJ,22139356
1928229,3UC0,22139356
1930798,3RVV,22210776
2063782,4NRX,24335316
1982707,1SVZ,15721587
1982691,4FQC,23115339
1982982,4IDJ,23416200
1984251,4LEO,23780344
1983355,3ZDX,23798730
1986250,1ZLS,16174734
1986251,1ZLU,16174734
1986252,1ZLV,16174734
1989565,4K7P,23774668
1986326,4KVN,23870317
1943428,4ETQ,22623786
1958838,3STL,22771214
1958839,3STZ,22771214
1958991,4FQR,22982990
2008252,2ZNX,22769726
2008246,2ZNW,22769726
1902955,1FLR,8637844
1965352,3PJS,21730186
1965270,3KDM,21360611
14,1WEJ,9698550
5,1FBI,7629116
2008533,4K3H,23978698
2008073,4M48,24037379
2008513,4MHJ,24049169
2008510,4MHH,24049169
2545519,4YZF,26542571
2522400,4XNM,26170302
2520589,5C7K,26457433
2520591,5C7K,26457433
2546184,5ANY,26553503
2546414,4XNQ,26170302
2546422,4XRC,26170302
2579860,5C8J,26256539
2605451,4GFT,23831371
2883804,4OJF,24598931
2884179,5IP4,27226599
2923935,5EU7,27692964
2924955,5DRZ,27827447
2925037,5L0Q,27503072
2924774,4Z0X,27641232
2855321,5KJR,27384653
2868441,5HI4,27527709
2858306,5D9Q,27560183
2868442,5HI5,27527709
2883076,5T3X,27617431
2882687,5SX4,27658254
2883077,5T3Z,27617431
2883744,5F3H,27625211
2883796,4M1C,23922390
2883848,4XXD,25880481
2883765,3IFP,19923222
2885311,5GRU,27682821
2885312,5GS0,27682821
2857546,5J1S,27490483
2856859,5K59,27467113
2857547,5J1T,27490483
2882801,5HDQ,27689696
2885314,5GS2,27682821
2855088,5L8L,27411893
2855162,5L8K,27411893
2855163,5L8J,27411893
2855951,5JXE,27325296
2925424,5T3S,27617678
2855953,5J9P,27384110
2883074,5T3X,27617431
2883075,5T3Z,27617431
2925311,5LJY,27783711
2118868,4U0R,25132548
2129847,4H8W,25165110
2129855,4OLW,25142607
2129851,4OLU,25142607
2129853,4OLV,25142607
2129857,4OLX,25142607
2129859,4OLY,25142607
2129861,4OLZ,25142607
2129863,4OM0,25142607
2129866,4OM1,25142607
2104866,4O58,24717798
2104890,4O5I,24717798
2378025,4X7F,25520510
2378027,4X7D,25520510
2378028,4X7C,25520510
2378026,4X7E,25520510
2925423,5T3S,27617678
2925430,5KOV,27807234
2925560,5THR,27799557
3000391,5GJS,27910950
3000361,5GZN,27974667
2118924,4OGA,25092300
2469465,4XMK,26109728
2469840,4ZYP,26161532
2469839,4ZYP,26161532
2469899,5AAM,26189681
2475908,4RAV,25861763
2469900,5AAW,26189681
2375462,4WHY,25473061
2377391,4QWW,25411244
2381674,4I18,25589173
3137862,5D72,26406987
3001148,5K9K,27453470
3137877,5DFV,26637054
3137878,5DFW,26637054
3137879,5DMG,26637054
3137882,5MJE,28334932
3137883,5UHY,28300075
2366521,4M62,25254371
2537160,3TV3,21998254
2482061,4YDV,26237403
2481805,4R8W,26196962
2110957,4NP4,24821719
2111190,4LIQ,24898549
2114134,4OGX,24970892
2605764,4WUU,26688548
2621136,5C1M,26245379
2621147,5ESV,26689967
2621149,5ESZ,26689967
2642083,5FGB,26739044
2641927,5DWU,26651396
2642000,5DYO,26756394
2925530,1XF5,15930632
2925654,5T5F,27784765
2970869,5KWL,27852863
2970865,5KU0,27852863
2970870,5KU2,27852863
2970867,5KTZ,27852863
2515981,5ANM,24583620
2545849,5CIN,26378169
2537161,3TWC,21998254
2537163,3TYG,21998254
2545850,5CIL,26378169
2097308,4O4Y,24638881
2114141,4OGY,24970892
2114143,4CMH,24987056
2110646,4LGP,24907552
2382070,4UTB,25581790
2382038,4UT6,25581790
2382071,4UTA,25581790
3133101,3EOA,19258452
3133501,3NPS,22154938
3133115,2AEQ,16384583
3133541,3F5W,20613835
3133505,3SO3,22154938
3133545,3F7V,20613835
3133546,3F7Y,20613835
3133547,3FB6,20613835
3133548,3FB5,20613835
3133560,1N0X,17445828
2097381,4O51,24638881
2119749,4N90,25043603
2147217,4PIR,25119048
2097385,4C57,24438162
2484071,4TUJ,26179345
2485256,5C0R,26301691
2485257,5C0S,26301691
2394163,4QTI,25659907
2399110,4PGJ,25737448
2399114,4U3X,25737448
2399462,4XT1,25745166
3001876,5MHR,27928010
3001176,5K9O,27453470
3001233,5K9Q,27453470
3001239,5KAN,27453470
3001865,5MHS,27928010
3001927,5J56,27903650
2097389,4C58,24438162
2375275,4QXU,25482542
2375276,4P3C,25482542
2487621,5CJS,26303961
2489415,4YX2,26320075
2489392,5DA0,26367249
2489416,4YXH,26320075
2489417,4YXK,26320075
2489418,4YXL,26320075
2115288,4Q0X,25002515
2423081,4PLK,25793314
2642798,3JBD,26764003
2642085,5FGC,26739044
2660010,5F7L,26764597
3000868,5D1X,27857134
3000869,5D1Z,27857134
3000867,5D1Q,27857134
3000870,5D1Q,27857134
3000872,5D1Z,27857134
3000873,5D1X,27857134
3001423,5L6Y,27956146
2103604,3VW3,23519658
2104225,4PY8,24719426
2104263,4BH8,24790145
2116292,4KZD,24952597
2660016,5F7K,26764597
2382072,4UT9,25581790
2399174,4NJ9,25756188
2397777,3WIH,25492858
2399173,4NJA,25756188
2399543,4Y5Y,25728669
2399546,4Y5X,25728669
2402352,4XWO,25745174
3059211,5GHW,27905530
3060113,5JZ7,27995962
3113325,5MEV,28197319
3063781,5T6P,28025250
3113326,5MES,28197319
3133012,5T5B,28225819
3133010,5TFW,28225819
3133011,5T29,28225819
2580097,4UV7,26586721
2605059,4Z7Q,26631735
2605008,4Z7N,26631735
2605060,5HDB,26631735
2606941,5C0N,26702093
2117461,4U6H,25031354
2489962,4LU5,26325270
2402350,4XTR,25745174
2402351,4XVU,25745174
2890379,5B8C,27734966
2917996,5GRJ,27573173
3001938,5BOZ,27903650
3001944,5J57,27903650
3058855,5TQQ,28002411
3058860,5TR1,28002411
3059091,5LQB,27903862
3064609,5KW9,27647885
3113218,5KAQ,27453470
3110841,5TPN,28134924
3132994,5T6L,28225819
2375277,4P3D,25482542
2489884,5CJX,26359989
2489915,4LQF,26325270
2515709,4N8C,25609808
2516072,3JBA,26401038
2119075,3FKU,19234466
2119469,4TNW,25143115
2119470,4TNV,25143115
2925625,5THR,27799557
2925531,5T33,27581986
2925627,5T5N,27821745
2925629,5TCS,27851957
2925630,5J3D,27791117
2925653,5TE7,27851912
2925651,5TE4,27851912
2925652,5TE6,27851912
3000370,5GZO,27974667
3060107,5IMO,27889311
3060105,5IMM,27889311
3060110,5IMK,27889311
3060111,5IML,27889311
3063790,5T78,28025250
2129842,4R4F,25165110
2129843,4R4H,25165110
2147216,4NIK,25174334
2367026,4TVP,25296255
2369076,4WGV,25326704
2369077,4WGW,25326704
3000352,5JMO,27670069
3000522,5GJT,27910950
3063803,5H35,27909292
3133626,5TOK,28194013
3133645,2VDQ,18710925
3133625,5TOJ,28194013
3133646,2VDP,18710925
3133647,2VDP,18710925
3133648,2VDN,18710925
3133649,2VDM,18710925
3133650,2VDL,18710925
3133651,2VDK,18710925
3133652,2VC2,18710925
3133654,3WFE,24338896
3133705,5TZ2,28234345
2105049,4MQX,24747941
2105259,3WFB,24338896
2105260,3WFC,24338896
2105261,3WFD,24338896
2105700,4LVN,24785947
2105697,4LVO,24785947
2749926,5IVN,26791954
2831987,4ZS7,27129274
2851397,5DMI,27216500
2119748,4TVS,25149450
2130058,4U6V,25210036
3133706,5TZT,28234345
3133873,5TZU,28234345
3133903,5JOP,28287405
3133904,5TJW,27965447
3133920,5TBD,28189425
3133963,5TH9,28235803
3133695,3U7Y,22033520
2924716,5GXB,27791182
3133956,3QO0,23519414
3137704,5CBE,26515064
3137880,5JA8,28334932
3137710,5CBA,26515064
3137881,5JA9,28334932
2833212,5FB8,27231345
2851279,5F21,27251573
2851398,5DMJ,27216500
2851399,5IHL,27216500
2851872,5DHY,27265851
2851874,5DHZ,27265851
2517771,5DO2,26391698
2518172,4ZPV,26218507
2518638,1IKF,1566062
2518170,4ZPT,26218507
2519372,5DFZ,26450213
2519503,5E8E,26469093
2520406,5DLM,26468526
2857545,5E94,27196125
2868440,5HI3,27527709
2884227,5SV3,27660893
2883254,5IKC,27226599
2924894,5GGS,27796306
2924895,5GGR,27796306
2924896,5GGT,27796306
2924897,5GGV,27796306
3063805,5WTH,28074040
3132833,5FUC,28134246
3063842,5MI0,28096331
3133001,5SY8,28225819
3132995,5T85,28225819
3132996,5T80,28225819
2104264,4BH7,24790145
2376097,3WD5,23943614
2467709,4YQX,25992858
2467710,4YUE,25992858
2375328,4WFF,25471887
2375327,4WFE,25471887
2375329,4WFG,25471887
2375330,4WFH,25471887
2856788,5KVD,27475895
2856791,5KVE,27475895
2856792,5KVF,27475895
2856793,5KVG,27475895
2856876,5JW4,27453466
2856875,5JW3,27453466
3000349,5KTE,27839948
3000350,5ADO,27774510
3134765,5TQ2,27916457
3134762,5TPW,27916457
3134764,5TQ0,27916457
3134767,5EII,27334407
3137860,5D70,26406987
2467864,4RWY,26004070
2468784,4Z5R,26099203
2469314,3U2S,22113616
2105872,4M7J,24682362
2366512,4ODX,25254371
2373539,4NHC,25420104
2373540,4NGH,25420104
2373541,4U6G,25420104
2865991,5GIR,27553275
2868218,5E08,27593161
2866028,5GIS,27553275
2882689,5SX5,27658254
2883723,5F3B,27625211
2105693,4PD4,24893593
2116308,4Q9Q,24952597
2116307,4KZE,24952597
2659963,5DTF,26778617
2520462,5CUS,26460020
2467526,4XGZ,26087144
2467527,4XH2,26087144
2467683,4RX4,26004070
2851984,5HVH,27279497
2851985,5HVH,27279497
2851991,4YBL,27041594
2851992,4YC2,27041594
2851990,5FCU,27041594
2853094,5JS9,27349805
2853102,5JSA,27349805
2742368,5FHC,26917592
2749922,4JZJ,25043189
2742367,5FHC,26917592
2742481,5F45,26950424
2751192,5FHX,26984268
2465439,4XHJ,25918416
2465467,4XI5,25918416
2858211,5KN5,27543934
2375482,4WHT,25473061
2118851,4UUJ,25093676
2118853,2JK5,25093676
2118854,2W0F,25093676
2118861,4U1G,25132548
2129990,4KXZ,25209176
2119479,4POU,25143596
2130006,4KV5,25209176
2691001,4XC1,26777395
2691097,4XCF,26777395
2691098,4XCN,26777395
2691099,4XCY,26777395
2691103,4XBG,26777395
2468890,5A2I,26118689
2468891,5A2L,26118689
2468975,4YWG,26018158
2460981,4QY8,25965408
2460982,4QXT,25965408
2366458,4M8Q,25254371
2621139,4XX1,26195816
2621260,5CEZ,26682982
2621262,5CEZ,26682982
2642551,4Y7M,26200339
2659825,5DRN,26778617
2621161,5BV7,26644477
2659826,5DSC,26778617
2659827,5DS8,26778617
2097453,1MVF,12743116
2103278,3WHE,24719430
2461362,4XNU,25961798
2461395,4XP1,25970245
2461397,4XP6,25970245
2462548,3WLW,25633808
2461399,4XP9,25970245
2537890,5D6C,26536114
2545521,4RZC,26503547
2659829,5DUB,26778617
2366539,4R2G,25259921
2366578,4R2G,25259921
2368615,4QO1,25324313
2367024,4TVP,25296255
2376256,4W6W,25502211
2110655,4LGS,24907552
2110658,4LHJ,24907552
2110659,4LHQ,24907552
2830387,4R9Y,26391892
2580883,5E8D,26627827
2621129,5C3L,26292704
2851807,5FUO,27315033
2851900,5LCV,27338953
2853628,4Z9K,27159829
2853105,5JS9,27349805
2853113,5JSA,27349805
2853631,5E1H,27159829
2384190,4QNP,25668439
2660117,5F97,26764597
2660120,5F9A,26764597
2660123,5F9D,26764597
2683573,5EOC,26819303
2110978,4NP4,24821719
2113217,4ONF,25024748
2113219,4ONG,25024748
2637087,5F6J,26725118
2469171,4RFO,26085162
2469172,4RFN,26085162
2854846,5FXC,27305427
2422841,5ALC,25788700
2422842,5ALB,25788700
2422908,4RGM,25572397
2422944,3W2D,24423621
2422956,4RGO,25572397
2422960,4RGN,25572397
2423032,4RGN,25572397
2723344,3WSQ,24838231
2378495,4HJJ,23549062
2376265,4W6X,25502211
2378038,4RQS,25546301
2707177,5FV1,26728464
2659799,3JBG,26764003
2707178,5FV2,26728464
2710107,5E2V,26800003
2469834,3HMX,20691190
2469317,3U4E,22113616
2480725,4TUO,26179345
2480726,4TUJ,26179345
2461401,4XPA,25970245
2461402,4XP4,25970245
2461403,4XP5,25970245
2482107,5CSZ,21955818
2390062,4O02,24692540
2393690,3X2D,25723165
2750963,5IES,27013733
2751005,5IF0,27013733
2723513,4YO0,26872787
2095631,3ZL4,24598740
2104414,4OQT,24756303
2465916,4LKX,24457896
2465982,4YDL,26004070
2465980,4YDJ,26004070
2465981,4YDK,26004070
2465983,4YDI,26004070
2465984,4YFL,26004070
2461411,4XPB,25970245
2461413,4XPF,25970245
2461414,4XPG,25970245
2461415,4XPH,25970245
2830598,5EC1,27150040
2660037,5F8R,26764597
2642802,3JBC,26764003
2660043,5F93,26764597
2659796,3JBF,26764003
2660017,5F7M,26764597
2660022,5F7N,26764597
2660023,5F7W,26764597
2660024,5F7Y,26764597
2519407,4YGA,26305940
2461371,4XNX,25961798
2461418,4XPT,25970245
2465919,3JAB,25809480
2116309,4Q9R,24952597
2830599,5EC2,27150040
2830600,5EBW,27150040
2830601,5EBL,27150040
2830602,5EBM,27150040
2751461,5FEC,26997349
2830622,5I9Q,26997349
2830717,5EPM,27129258
2830718,5B3J,27135925
2830719,5JHL,27158114
2830834,3LRH,21968397
2827582,5IQ7,27053554
2827592,5IQ9,27053554
2827806,5H8O,27069117
2829970,5J75,26442911
2829977,5J74,26442911
2831548,5HHV,27184415
2831549,5HHX,27184415
2423749,4WEM,25828907
2397298,4S1D,25670234
2830055,5FYJ,27114034
2765169,4RAU,26391892
2830056,5FYK,27114034
2830057,5FYL,27114034
2830058,5FYJ,27114034
2830059,5FYK,27114034
2117396,4P2C,25053417
2366981,4OT1,25299639
2422764,4WY7,25787074
2423800,4XVJ,25737449
2423751,4WEN,25828907
2423752,4WEU,25828907
2443010,4S1R,25865483
2443009,4S1Q,25865483
2443011,4S1S,25865483
2443012,4XNZ,25865483
2443013,4XMP,25865483
2660035,5F8Q,26764597
2830060,5FYL,27114034
2831979,4O9H,27129274
2830062,5FYK,27114034
2830061,5FYJ,27114034
2399106,3LIZ,21789239
2399466,4XMM,25745173
2397942,4QCI,25707433
2422793,4Y8D,25822739
2399469,4XMN,25745173
2723479,3JAU,26938634
2710130,5E2W,26800003
2723459,5HJ3,26908579
2724219,4Z7O,26631735
2734330,5F9W,26949186
2742342,5EOR,26889021
2734462,5FUU,26941313
2734333,5F9O,26949186
2734334,5F96,26949186
2751446,5IGX,26997349
2480727,4TUK,26179345
2480728,4TUL,26179345
2480778,4UBD,26196962
2480731,5A3I,26170284
2482739,4N0Y,26135247
2484797,4ZTO,26251831
2484820,3J70,26039348
2468649,4ODV,26085093
2691092,4XC3,26777395
2683527,5D96,26819240
2683418,5E7F,26814179
2683530,5D93,26819240
2707447,4ZXB,26853939
2691094,4XAW,26777395
2691095,4XBE,26777395
2423019,4PLJ,25793314
2441888,3WXV,25855295
2833224,5HGG,27226628
2832968,5F3J,27194724
2833201,5I5K,27194791
2742341,5EOQ,26889021
1980685,1MCJ,8346191
2107088,3RKD,21642534
2468650,4ODT,26085093
2485110,4UIL,26282540
2468882,5A2J,26118689
2468883,5A2K,26118689
2484072,4TUK,26179345
2484073,4TUL,26179345
2485111,4UIN,26282540
2831809,5CZV,27157619
2831810,5CZX,27157619
2851280,5F1O,27251573
2851281,5F1K,27251573
2851871,5DHX,27265851
2851461,5J3H,27281820
2621162,5BV7,26644477
2456286,4QYO,25965408
2445256,4CDG,25901030
2110255,4OCX,24832237
2466203,4PP2,26026055
2466221,4PP1,26026055
2467513,4Z8F,26085093
2467461,4ZFF,26088137
2467514,4Z95,26085093
2831026,5EA0,27160908
2831372,5HYS,27194387
2831038,5BOP,27181418
2833006,5I8C,27174988
2851863,5DHV,27265851
2833015,5I8H,27174988
2833013,5I8H,27174988
2833066,5DD0,27122615
2851983,5HVG,27279497
2443014,4XNY,25865483
2445257,4YPG,25925951
2444747,4J8R,23629842
2868216,3JCX,27535057
2104899,4O5I,24717798
2103644,4CNI,24670876
2104922,4P9H,24767986
2467463,4ZFG,26088137
2443586,4XVS,25865483
2851982,5HVF,27279497
2445260,4UAO,25886591
2707448,4ZXB,26853939
2707633,4YHP,26862167
2707634,4YHZ,26862167
2707635,4YHY,26862167
2110652,4LGR,24907552
2097394,4C59,24438162
2376057,4RDQ,25337878
2763519,5I6X,27049939
2763520,5I73,27049939
2763521,5I73,27049939
2763522,5I74,27049939
2763523,5I75,27049939
2485096,5BVP,26284424
2489854,5C6T,26365435
2485174,4ZS6,26281793
2487631,4WV1,26269606
2489970,4M1G,26325270
2515706,5ACO,26388028
2489978,4YE4,26004070
2851880,5LBS,27338953
2652989,3JBE,26764003
2441889,3WXW,25855295
2376095,4I2X,23826770
2115270,4QKX,25006259
2827126,5EUL,26950603
2115694,4Q6I,24990883
2487623,5CJQ,26303961
2517750,5CWS,26316600
2545808,4RIS,26288844
2604955,5E0Q,26633879
2579861,4XZU,26598467
2605720,5EN2,26651946
2608364,5D8J,26702093
2621125,5C2U,26292704
2445265,4Y5V,25728669
2445266,4ZFO,25953704
2460974,4R3S,25965408
2461419,4S10,25601851
2461498,4YK4,25959776
2461502,4YJZ,25959776
2103345,2XZC,21896761
2098403,4P59,23928993
3206352,5USF,28427904
3218091,5UDC,28469033
3193349,4FFW,23184939
3193371,4OKV,24764297
3193441,4ZSO,27663271
3193480,5JQ6,27789272
3198096,5J13,28368013
3198105,4J4P,24632569
3497358,5OCA,28894089
3791552,5NGV,29109273
3791544,5NH3,29109273
3791548,5NHR,29109273
3791722,6AZZ,29146922
4624623,6HJQ,30224494
4583508,6EA5,30206174
4828469,6CMO,29899450
4828483,5WI9,30068552
4624668,6E3H,30308159
4828683,6MB3,30324137
3165717,5X08,28300601
4624801,6EAY,30258051
3795572,5WK3,29264403
3563317,5IJK,28878138
3791728,6B08,29146922
3795575,5WT9,28165004
3795970,6AZM,29195810
4583262,6A96,30140029
4828735,6MHG,30324137
4828749,5ZIA,30318466
4828857,6EDU,30308160
4828848,6CM3,30308160
4828850,6CM3,30308160
4828851,6EDU,30308160
4828853,6EDU,30308160
4571082,6E1K,30190435
3242788,4M7L,28483635
3258903,5TRU,28484017
3795971,5BK0,29195810
3798256,5UEA,29273204
3798211,5UCB,29273204
3803815,6ELU,29358741
3328884,5TL5,28471362
3467893,5X8L,28717238
3805271,5WDF,29444432
3817512,6FE4,29494518
3817549,6FN4,29440498
3806866,5YWO,29379207
3817548,6FN1,29440498
3467894,5X8M,28717238
3497408,5N0A,28534525
3497411,5N09,28534525
3633639,5O8F,28991263
3633576,4W2Q,29038656
3633641,5OJM,28991263
3829530,6FXN,29572442
3829565,6AL5,29490423
3830172,6FAX,29576376
3830443,5WDU,28834745
3830541,6B5M,29554083
3830551,6B5O,29554083
3830553,6B5P,29554083
3830556,6B5R,29554083
3830557,6B5S,29554083
3830558,6B5T,29554083
3786949,5OMN,29095961
3786948,5O02,29095961
3786871,5Y11,28827346
3786950,5OMM,29095961
3792210,5UKR,29170366
3786965,5O03,29095961
3786966,5O04,29095961
3786952,5O05,29095961
3830463,6B5L,29554083
3830542,6B5N,29554083
3838822,5UOE,29596046
3838441,4N1C,28356519
3838828,6BF9,29596046
3838827,6B70,29596046
3838829,6B7Z,29596046
3838830,6BF7,29596046
3795960,6BDZ,29224781
3786993,5O04,29095961
3798756,6B73,29307491
3798776,5JYL,28045038
3802187,5VAK,29342135
3802196,5VAN,29342135
3802197,5VAQ,29342135
3806871,5YWP,29379207
3838955,6CH7,29593217
3838831,5WOB,29596046
3838837,4M1C,29596046
3839097,6CH8,29593217
3839098,6CHB,29593217
3830387,6C6Y,29514901
3839100,6CHB,29593217
3866999,5XJ4,28488247
3867011,6BB4,29670132
3802806,5W06,29283291
3867202,6EHG,29497000
3867041,5UEM,28100831
3924033,6CNJ,29720657
3867417,5VXR,29467319
3923956,6C5V,29669253
3924034,6CNK,29720657
3926421,6BY3,29735651
3928289,6C9U,29762030
3928296,6B20,29777099
3928389,5VTA,29765112
3804086,6AWN,29379174
3804090,6AWO,29379174
3804093,6AWP,29379174
3804094,6AWQ,29379174
3804098,6EY0,29382829
3804099,6EY6,29382829
4072885,6CF2,30017564
4072893,5YY4,29936828
4072896,5ZXV,29996104
4072899,5YY5,29996104
3928396,5O7P,29763625
3928393,5O4O,29763625
3928400,5O4G,29763625
3928639,6B0N,29769533
3928722,6BCK,29731169
3928716,5WB9,29731169
3929196,6DCW,29855358
3929224,6GK7,29855358
3929225,5ZV3,29855358
4072833,5XJM,29967536
3804163,6EQC,29386504
3804162,5OGI,29386504
3806596,6BE3,29449370
3806597,6BE4,29449370
3817574,6BLH,29509814
3817595,6BLI,29509814
3817620,6AOD,29336885
3930002,6BQB,29554084
3930391,6CDI,29867235
3929229,6GK8,29855358
3930407,6CDI,29867235
3930399,6CDE,29867235
3930408,6CDE,29867235
3930409,6CDI,29867235
3930410,6CDE,29867235
3817812,5WHK,28878017
3838434,4N1E,28356519
3838754,5AUM,29550370
3925241,5YOY,29575262
3925243,6CO3,29686315
3978238,6B3M,29899095
3990517,5YD3,29924367
4047553,5VKD,29968677
4004897,5YD5,29924367
4047807,5XBM,28447294
4048073,5W42,29991715
3955196,6DDE,29899455
3955238,6DE7,29902444
3955257,5W1K,29760382
3955241,6DE7,29902444
3955267,5W1M,29760382
3968677,6D01,29880723
3968678,6D01,29880723
4115490,5JO4,29241550
4115946,6DB5,29997214
4115947,6DB6,29997214
4115948,6DB7,29997214
4478153,6EYO,30069035
4478377,6DBF,29976754
4478887,5GMQ,28472421
3968682,6D11,29880723
3968683,6D11,29880723
3968686,6D0X,29880723
2765194,6CMG,24130486
4254445,6CMI,24130486
4478163,6CYF,30016475
4517526,5YE3,30080437
4517527,5YE4,30080437
4551840,6DID,30097292
3468014,5U3J,28783671
3468015,5U3K,28783671
3468016,5U3L,28783671
3165689,5LWY,28329765
3165690,5LXG,28329765
3165691,5LX9,28329765
3165692,5LXA,28329765
4517499,5O1R,30133484
3468018,5U3N,28783671
3477166,5W9I,28807998
3477167,5W9M,28807998
3477168,5W9N,28807998
3477169,5W9O,28807998
3477170,5W9P,28807998
3477171,5W9J,28807998
3477172,5W9H,28807998
3477173,5W9K,28807998
3477174,5W9L,28807998
4551931,6CVK,30100358
4552119,6DWA,30102105
4552118,6DWI,30102105
4562708,5NBL,30177756
4562709,5NBM,30177756
3806637,5WN9,29523582
3806644,5WNB,29523582
3806645,5WNA,29523582
3830351,5NMV,29532595
3838429,6ETI,29610494
3830432,5WDU,28834745
3830433,5WDU,28834745
3838430,6FEQ,29610494
4551875,5OTJ,30150373
4551896,5OTJ,30150373
4552095,6DZM,30184505
4552096,6DZL,30184505
3479514,5U7O,28825711
3479513,5U7M,28825711
3499002,5Y0A,28938115
3193692,3UJJ,22164215
3193691,3UJI,22164215
4583474,6C9W,30108145
3480609,5NUZ,28630325
3479280,5M2I,28824615
3498923,5YAX,28949917
3479282,5M2J,28824615
3633529,6APP,29038656
3479284,5M2M,28824615
3633560,4W2O,29038656
3137998,3X3F,26672965
3137942,4HC1,23297416
3137943,4HCR,23297416
3786478,6AVQ,29033288
3792771,5GKR,29180749
3793073,4UU9,28952876
3795077,5MP2,29042493
3795964,4HIH,27183571
3795965,4HII,27183571
3795966,4HIJ,27183571
3795967,4PTU,27183571
3795968,4HHA,27183571
3352091,5V7J,28445724
3364197,5O2U,28591513
3465806,5UMI,28705932
3364230,5W3L,28696310
3371648,5XAJ,28637753
3364235,5W3O,28696310
3202361,5UZ7,28437792
3364228,5W3E,28696310
3364234,5W3M,28696310
3340316,5LHQ,28611361
3340221,5M30,28650463
3340222,5MWN,28650463
3340223,5MWN,28650463
3340229,5NBW,28603847
3340314,5LHR,28611361
3340315,5LHN,28611361
3340317,5LHP,28611361
3353572,5VPG,22210776
3353573,5VPH,22210776
3353574,5VPL,22210776
3468057,5VOB,28783665
3468158,5KZP,28794021
3825369,6APD,29396163
3786830,5W4L,29056481
3786831,5W4L,29056481
3363505,5MY4,28623233
3341553,5KVL,28507038
3350950,5X2N,28534491
3350949,5X2M,28534491
3350951,5X2O,28534491
3350952,5X2P,28534491
3350953,5X2Q,28534491
3363492,5DRX,28598442
3352134,5MYO,28623233
3363514,5MYX,28623233
3202134,5NJ6,28445455
3498917,5W0K,28939750
3468344,5O4E,28816592
3826244,6AQ7,29569342
3928524,5VJO,29650674
3928525,5VJQ,29650674
3955141,6C08,29872228
3955206,5W1K,29760382
3980524,6D6T,29950725
3968668,6DCQ,29898396
3786503,6AVR,29033288
3786504,6AVU,29033288
3787549,5WKO,28930686
3792053,5VK6,29165243
3787978,5OVW,29084999
3792054,5VKE,29165243
3792055,5VKH,29165243
3792037,5WTT,28608634
3466519,5MU0,28679953
3497669,5XCR,28919443
3497557,4K8R,24252255
3497556,4K8R,24252255
3497660,5O0W,28915239
3497668,5XCQ,28919443
3497670,5XCT,28919443
3497671,5XCS,28919443
3497672,5XCU,28919443
3497674,5XCV,28919443
3535518,5IG7,28878138
3535519,5IFJ,28878138
3791576,6B9J,29123031
3791582,5USL,29123031
3838954,6CH7,29593217
3838361,5XQW,29496413
3839102,6CH8,29593217
3839103,6CH9,29593217
4583519,6BFQ,29969365
4583520,6BFS,29969365
4583643,6EV2,30209318
4583646,6A67,30154240
3793469,5VAG,28966056
3796771,5OWP,29166012
3798207,6AYZ,29273204
3799089,5BK1,29321208
3799095,5BJZ,29321208
3497457,5Y9F,28951471
3497696,5VL3,28970495
3497453,5Y9C,28951471
3791561,5USH,29123031
3787938,5XHV,29089574
3791925,6B0H,29146922
3867030,5XXY,29163822
3839105,6CH9,29593217
3839457,6C6Z,29514901
3867073,6CK9,29642014
3867119,6CK9,29642014
3799106,5BK2,29321208
3799109,6B3K,29309709
3799162,6B0S,29167197
3802785,6AND,29277294
3802775,6ANI,29277294
3802791,6ANA,29277294
3802875,5O14,29410413
3791929,6B0A,29146922
3791934,6B0G,29146922
3791938,6B0E,29146922
3792908,4GRW,28871249
3792882,4GRW,28871249
3792899,4GRW,28871249
3793570,6BIT,29158380
3794508,5VQM,29180448
3926420,6BY2,29735651
3867384,5XJ3,28978021
3928312,6EJM,29778602
3928311,6EJG,29778602
3928319,6EK2,29778602
3928424,6CRQ,29746590
3928641,6B0N,29769533
3804196,5W0D,29343437
3802966,5V6M,29343576
3802967,5V6L,29343576
3804195,5W08,29343437
3804253,5XWD,29462206
3838838,5CJO,29596046
3838858,6CCB,29618644
3867274,6ATT,29669810
3929001,5TKJ,29867235
3929005,5TKK,29867235
3925536,6GDG,29726815
3929060,6CDP,29867235
3929056,6CDO,29867235
3929069,6CDM,29867235
3929102,6BA5,29844189
3929160,6BAN,29844189
4047876,6A0Z,29925655
3794703,6AXK,29138320
3794704,6AXL,29138320
3794761,6B3D,29150603
3795031,5W23,29187732
3794797,5VF2,29113027
3795063,6EQI,29160309
3796811,5XKU,29212936
3798292,4RRP,29273204
3798286,6AZ2,29273204
3798290,5CJO,29273204
3980506,6D6U,29950725
4004975,6BPA,29950717
4004910,5YD4,29924367
4004979,6BPE,29950717
4004977,6BPC,29950717
4072590,6H06,30001207
4072657,6H0E,30001207
4624622,6HJP,30224494
4072914,6CUF,29975771
4047884,5UTZ,29942088
4072915,6CUF,29975771
4072916,6CUE,29975771
4072917,6CUF,29975771
4072918,6CUE,29975771
4072939,6CUE,29975771
4140775,6BZU,29954862
4140851,6BZY,29954862
4140873,6BZW,29954862
4140874,6BZV,29954862
3479482,5MY6,28751451
3479497,5U7M,28825711
3798560,5NJD,29287995
3798536,5W6G,29255041
3479498,5U7O,28825711
3798799,4BZ1,29249606
3796831,5MZV,29287995
3798797,5JYM,28045038
3319616,5KWG,28528777
3319631,2R69,18264114
3338686,5VAI,28538729
3338689,5VAI,28538729
3339069,5WUX,28124979
3466892,5MUB,28679953
3466893,5MV3,28679953
3466894,5MU2,28679953
3466895,5MV4,28679953
3796862,6B3S,29158469
3799123,6B14,29309709
3795574,5W3P,28830506
4254393,6DBG,29976754
3799144,5N88,29203900
3825345,6APD,29396163
3825368,6APB,29396163
4624481,6MLK,30289692
4624479,6E3Y,30209400
4828470,6CMO,29899450
4828494,6CRK,30213947
4828926,6CNV,30385580
4828883,6FYU,30385580
4828884,6FYT,30385580
4828885,6FYW,30385580
4828925,6CNV,30385580
4551842,5CD5,27067056
4570999,6DJP,30061598
4552101,6DW2,30102105
4583464,5WB2,29882741
4583502,6MAR,30209313
4583534,6CEZ,30153309
4583512,6EA7,30206174
3804069,5VNW,29434346
3825495,6BP2,29324225
4571084,6H5N,30237518
4072847,6C5W,29995856
4551559,6H02,30140054
4551776,5W5Z,30122452
4551778,5W5X,30122452
4551932,6CWD,30100358
4551963,6FGB,30130439
4551935,6CWT,30100358
4583258,6CW2,30224453
4583261,6CW3,30224453
3202119,5V8M,28423342
3202120,5V8L,28423342
3202130,5NBD,28422165
3202123,5V8L,28423342
3202648,5TIH,28195530
3206418,5HBT,28440223
3206421,5HBV,28440223
3466852,3JCB,28539445
3466853,5MO9,28351853
3468070,5VOC,28783665
3468378,5VL7,28825733
4597575,6GV1,30275448
3476987,5W6D,28847869
3476991,5W6D,28847869
3202487,5B71,28439081
3206502,5M63,28439022
3202496,5G64,28438838
3207160,5NPH,28512091
3207161,5NPJ,28512091
3242752,5UG0,28506635
3466830,5OCL,28731329
3468019,5U3O,28783671
3468029,5U3M,28783671
3468646,5KQV,23302862
3339147,4NNP,25752540
3314676,5G5R,28502790
3339192,5VJ6,28548638
3363532,5MYK,28623233
3363539,5VN3,28700571
3363540,5VN8,28700571
3242801,5UK0,28506635
3242799,5UJZ,28506635
3242802,5UK1,28506635
3242803,5UK2,28506635
3338646,5UMN,28504265
3319634,5K33,28528777
3339037,5XEZ,28514451
3338667,5NJG,28554189
3338668,5NJ3,28554189
3339040,5XF1,28514451
3193454,5UTF,28275193
3193458,5UTY,28275193
3193463,5UTY,28275193
3193465,5UTF,28275193
3198375,5JDS,28280600
3198347,5UKB,28396572
3198357,5UK4,28396572
3821984,6BF4,29548671
3207162,5NPI,28512091
3202521,5T1D,27929061
3218106,5UDD,28469033
3229848,5VIC,28475892
3229847,5VIG,28475892
3339184,5UM8,28514686
3468092,5VOD,28783665
3192980,4FFV,23184939
3242015,5VGJ,28514685
3339163,5VEB,28526733
3466770,5TUD,28716900
3480536,5XS7,28894095
3468376,5VLP,28825733
3243325,5VK2,28572385
3314677,5G5X,28502790
3339186,5UM8,28514686
3339188,5VIY,28548638
3339187,5VIY,28548638
3339196,5VJ6,28548638
3352090,5V7J,28445724
1702294,3FFC,19167249
1984649,3SDA,21804559
1510671,2NX5,17259989
2012701,3TFK,22101157
2012702,3TJH,22101157
2012700,3TPU,22101157
1617223,1KJ2,11911820
1617226,1MWA,11994422
1618324,2F54,16600963
1618325,2F53,16600963
1975991,4G8G,23521884
1617229,1LP9,14563323
1617377,2BNR,15837811
1617379,2UWE,17825839
1617380,2JCC,17825839
1509257,1NAM,12563259
2098008,3MV7,20566715
1496445,1QSF,10435578
1514175,1D9K,10583947
1557452,3C60,18308592
1617378,2BNQ,15837811
1983003,4EN3,23109910
1619818,2AK4,16186824
1498103,1YMM,15821740
1714843,3GSN,19542454
1548960,2ESV,16474394
1788596,3MBE,20407212
1496444,1QRN,10435578
1581256,2Z31,17694060
1551167,1G6R,10755612
1617225,1FO0,11017099
1778859,3KPR,20064448
1557450,3C5Z,18308592
1617221,2CKB,9469799
1617381,2J8U,17825839
1557451,3C6L,18308592
1548961,1U3H,15664161
1788035,2E7L,17418792
1581258,2PXY,17694060
2009558,3TVM,22195564
1005014,1FYT,11060013
1005016,1J8H,11877480
1788034,2OI9,17418792
1005001,1OGA,12796775
1404662,1MI5,12530975
1852320,3PL6,21199956
1781236,2F54,16600963
1619817,2AK4,16186824
1618326,3E3Q,18941216
1618327,3E2H,18941216
1617828,2OL3,17363906
1833554,3PQY,21606376
1962548,4H1L,23091041
1548962,2IAN,17334368
1831437,3O4L,21124993
1984653,3SDC,21804559
1816297,3O6F,21297580
1511521,2VLK,18275829
1969012,4ELM,22820602
1548963,2IAM,17334368
1478873,1BD2,9586631
1975807,3D3V,19698083
1975829,3RZC,21810611
1976428,3RUG,21666690
1975805,3D39,19698083
1778855,3KPS,20064448
1976493,3QUZ,21552205
1971313,3TZV,22395072
1511522,2VLR,18275829
1984650,3SDX,21804559
1858544,3O8X,20921281
1505355,2VLJ,18275829
1976496,3QUY,21552205
1976499,3QUX,21552205
1983067,4FTV,23805144
1551172,1ZGL,16079912
1511833,2PYE,17644531
1584212,3DXA,19139173
1848556,3QI9,21376640
1981555,4JFF,23698002
1981557,4JFD,23698002
1511834,2P5E,17644531
1511835,2P5W,17644531
1511838,2GJ6,16962135
1976480,3QFJ,22019736
1584448,1AO7,8906788
1973076,3RTQ,22301545
1981674,4JFE,23698002
1803232,3KXF,20483993
1984652,3SCM,21804559
2021328,4MNG,24239091
2021935,4LCW,24101382
1981445,4JRY,23569211
1853882,3QIW,21490152
1851293,3H9S,20064447
2014601,3W0W,24192765
2014602,3VXS,24192765
2014603,3VXU,24192765
2014604,3VXM,24192765
2014600,3VXR,24192765
1852419,3QIB,21490152
1960760,4GG6,23063329
1954126,3TA3,22069376
1937882,3SJV,22140258
2012698,3TF7,22101157
1930414,3UTT,22245737
1852427,3QIU,21490152
2022189,4L9L,24108697
1981437,4JRX,23569211
1984651,3SDD,21804559
1977149,4G9F,23521884
1884783,3ARB,21376639
2019393,4MNQ,24196962
1801837,3HE6,19592275
1966214,2YPL,23161907
2011734,4LHU,24076636
2022174,4LCC,24108697
1858543,3O9W,20921281
1884785,3ARG,21376639
1884786,3ARD,21376639
1884787,3ARE,21376639
1884784,3ARF,21376639
2007224,4IRJ,23960235
1958847,3VWJ,22995911
1958848,3VWK,22995911
1801839,3HE7,19592275
2007225,4IRS,23960235
1883845,3HG1,19605354
1801840,3HUJ,19592275
1954023,4EI5,22820603
1954091,2WBJ,19303388
1850160,3PWP,21282516
2022175,4L8S,24108697
1822299,2PO6,17581592
2106435,4PRH,24759101
2106436,4PRP,24759101
2683346,5D7J,26795251
2683347,5D7L,26795251
2683349,5D7I,26795251
2885434,5SWS,27717799
2882580,5KSB,27568928
2882577,5KSA,27568928
2885433,5SWZ,27717799
2105208,4MJI,24600035
2465945,4Y4H,26018083
2465947,4Y4K,26018083
2465948,4Y2D,26018083
2105263,4P23,24813203
2375432,4QRR,25452463
2375431,4WO4,25452463
2119223,3QEQ,21795600
2014706,4IIQ,23613577
2098041,3MV9,20566715
2660009,5D5M,26795251
2579979,5D2L,26429912
2579980,5D2N,26429912
2114514,4P4K,24995984
2097622,4L4T,23846752
2104160,4OZG,24777060
2923941,5L2K,27807341
2103172,4NQE,24695216
3000567,5MEN,27903649
2103177,4NQD,24695216
2119224,3QDJ,21795600
2119219,3QDM,21795600
2104163,4OZF,24777060
2371152,4QRP,25355921
2375332,4QOK,25471691
3134129,5ISZ,28250417
3134130,5JHD,28250417
2106437,4PRI,24759101
2119220,3QDG,21795600
2104157,4OZH,24777060
2116820,4PJ5,25049336
2467538,4ZAK,26078271
2462242,4Z7V,25948817
2462243,4Z7U,25948817
2462244,4Z7W,25948817
2118926,4L3E,24550723
2117051,4PJD,25049336
2103170,4NQC,24695216
2517967,4Y19,26437244
2827288,5HHO,27036003
2827290,5HHM,27036003
2116975,4PJE,25049336
2117016,4PJF,25049336
2117026,4PJG,25049336
2390020,4X6C,25642819
2390030,4X6D,25642819
2104135,4OZI,24777060
2465937,4Y16,26018083
2117038,4PJH,25049336
2117041,4PJX,25049336
2117042,4PJI,25049336
2105313,4P5T,24813203
2107145,4P2Q,24855945
2107144,4P2R,24855945
2833312,5E9D,27238970
2851627,5C0A,27183389
2851693,5HYJ,27183389
2851694,5C0C,27183389
2851698,5C0B,27183389
2445059,4GRL,24136005
2110150,4P2O,24855945
2465938,4Y4F,26018083
2105301,4P46,24813203
2117048,4PJA,25049336
2117049,4PJB,25049336
2117050,4PJC,25049336
2723236,5BS0,26758806
2637072,5BRZ,26758806
2097625,4L4V,23846752
2445100,4MAY,24136005
2723539,5EU6,26917722
2107143,4P2O,24855945
2117064,4PJ8,25049336
2117063,4PJ7,25049336
2117072,4PJ9,25049336
2110152,4P2R,24855945
2110153,4P2Q,24855945
2098010,3MV8,20566715
3241747,5U1R,28166217
3563387,5TEZ,28931605
3241748,5U2V,28166217
3241750,5U17,28166217
3241752,5U16,28166217
3241754,5U6Q,28166217
3241756,5U72,28166217
3803819,5WLG,29150238
3838885,6BNK,29576533
3838886,6BNL,29576533
3968833,6CQQ,29884618
4140733,6BJ8,30053426
3835116,4WWK,26875526
3835123,4WW2,26875526
4140727,6BJ3,30053426
4140728,6BJ2,30053426
3786319,5W1V,28972140
3198285,5E6I,28423320
3786323,5W1W,28972140
3480552,3RGV,21683626
3825381,6AVF,29531227
3825382,6AVG,29531227
3563423,5WKH,28945243
3563422,5WKF,28945243
3350945,5IVX,28508865
3786652,5WKI,29054999
4551185,3UTS,22245737
4583648,6AMU,30224695
4583649,6AM5,30224695
3794644,5NME,29209312
3794646,5NMF,29209312
3794647,5NMG,29209312
3968808,6CQL,29884618
3968834,6CQR,29884618
3968839,6CQN,29884618
3799134,5XOV,28615212
3799135,5XOT,28615212
4562385,4MVB,26523866
4562387,4MS8,26523866
4557314,4N5E,26523866
4562389,4MXQ,26523866
4562391,4N0C,26523866
3466805,3QIW,21490152
3198272,5EUO,28423320
2517968,4Y1A,26437244
2851692,5C09,27183389
2851695,5C08,27183389
2851696,5C07,27183389
2882576,5KS9,27568928
3339206,5JZI,28572406
1491565,1FNE,11207290
1489557,3C9N,18540051
1503154,3BW9,18270323
1503182,3BWA,18270323
1503322,1OSZ,9707600
1587192,1I7R,11584024
1864233,3BH9,18836451
1864234,3BHB,18836451
1965203,4GUP,23051753
1962428,4E5X,23042604
1962202,4G42,23041567
1962206,4E0R,23041567
1962201,4G43,23041567
1965478,4HKJ,23209377
1965226,1AKJ,9177355
1479805,1FV1,11080454
1597581,1JHT,11544315
1597906,1KPR,12411439
1597907,1KTL,12411439
1617224,1KJ3,11911820
1617227,1LEG,11994422
1977147,4G8I,23521884
1587194,1I7T,11584024
1587196,1K8D,11738047
1587197,1JGE,12244049
1595545,1TMC,7862664
1383771,1M05,12391232
23042,1N5A,12479822
1494255,2VAA,1323877
1494268,2VAB,1323877
1594129,2D31,16455647
1594993,1LDP,9620676
1595531,2GUO,17719062
1483904,1JWM,12962633
1786572,1ONQ,12833155
1468621,1A6A,7477400
1478784,1H15,12244309
1484197,1LO5,12467569
1788480,3FT4,19342659
1791437,3CII,18448674
1791453,3CDG,18332182
1594994,1LDP,9620676
1420883,2NNA,17629515
1781567,2OL3,17363906
1510377,1ZHB,15845547
1595535,2GTW,17719062
1595543,1KBG,10023770
1595537,2GT9,17719062
1649808,3B6S,18650441
1489401,1KLU,12051920
1488197,1HQR,11163233
1493260,1T5X,15489166
1493063,1T5W,15489166
1473536,1ES0,10775108
1483907,2MHA,1325657
1769983,3MGT,19955560
1509255,3BUY,18238896
1510123,1A9B,9878435
1510528,2ZOL,18322201
1595547,1MHC,7664344
23043,1N59,12479822
1488261,1JWS,12962633
1488262,1JWU,12962633
22534,1ZT1,16148128
1594136,2QRT,17719490
1594130,2DYP,17056715
1714833,1U3H,15664161
1585185,1ED3,11163232
1984644,3SDA,21804559
1587198,1K5N,12244049
1714850,3GSR,19542454
1510122,1A9E,9878435
1714848,3GSQ,19542454
1714851,3GSU,19542454
1588321,1MHE,9660937
1483785,2Q6W,17583734
1403983,1XR9,17057332
1788493,1Z5L,16007091
1800680,3C8K,18426793
1595533,2GTZ,17719062
1583749,1JGD,14555655
1583747,1LK2,14978103
1481416,1KT2,11956295
1488216,1SEB,8152483
2371146,4QRQ,25355921
2371151,4QRP,25355921
1488264,1R5V,14690592
1792326,1P7Q,12897781
1792120,1IM9,11323700
1791424,1EFX,10850706
1785050,2CLZ,16761314
1509252,1IM3,11391001
1418285,1RK0,15557346
1779951,3BP4,19617632
1583645,1QQD,10429675
1779952,3BP7,19617632
1417427,2AXG,16275762
1587193,1I7U,11584024
1778885,3KPO,20064448
1778884,3KPQ,20064448
1795626,3G08,19949076
1585907,1TVB,15814707
1587614,1LD9,9192660
1617228,1LEK,11994422
1493285,1PYW,12952957
1714854,3GSW,19542454
1714853,3GSV,19542454
1714855,3GSX,19542454
1792281,1ZHN,16002697
1492664,3BEV,18083574
1500053,1NAN,12563259
1488751,2OJE,17166841
1781570,2J8U,17825839
1781571,3E3Q,18941216
1781572,3E2H,18941216
1004945,1HHJ,7694806
1004948,1HHH,7694806
1584696,2A83,16221670
1488356,1HXY,11432818
1488263,2G9H,16829512
1489174,1R5I,14962388
1781568,2UWE,17825839
1781569,2JCC,17825839
1768895,1GZQ,12118248
1788478,3FT2,19342659
6702,1OF2,14734527
2098235,3MV8,20566715
1787199,1KTD,11956295
1779944,3BXN,19617632
1584690,1I4F,11502003
1489570,1K2D,12150894
1489400,1KLG,12051920
1788221,1ED3,11163232
1788479,3FT3,19342659
1770487,3FOL,20093428
1770489,3FOM,20093428
1770490,3FON,20093428
1492665,3BEW,18083574
1769982,3MGO,19955560
2009559,3TVM,22195564
1772669,3LQZ,20356827
1780034,1QRN,10435578
1479338,1MUJ,12589760
1780037,1QSF,10435578
1780038,1YMM,15821740
1780057,2NX5,17259989
1603262,2RFX,18549801
1834428,3LN4,20934997
1859221,3O4L,21124993
1788032,2OI9,17418792
1789189,1GZP,12118248
1788033,2E7L,17418792
1787897,3CUP,20407212
1788594,3MBE,20407212
1782794,2BNQ,15837811
1778390,3D25,19234124
1596342,2CLZ,16761314
1488265,1R5W,14690592
1597580,3BZF,18339401
1483786,1LNU,12084926
1596340,1JUF,11751972
1593323,1Q94,15128805
1596339,1INQ,11751972
1596341,2CLV,16761314
1597579,3BZE,18339401
1418288,1RJZ,15557346
1418289,1RK1,15557346
1460327,2CII,16478731
1404663,1MI5,12530975
1353276,1N3N,12753896
1588605,1VAC,7708669
1780934,2ESV,16474394
1480385,1IEB,8638119
1022906,2BST,15657948
15937,1B0R,9741848
1768332,2GAZ,16982895
1780026,2Z31,17694060
1780020,2P5E,17644531
1780021,2P5W,17644531
1780028,2PXY,17694060
1780033,1QSE,10435578
1780056,1ZGL,16079912
1417439,1ZSD,16148129
1417163,2AXF,16275762
1212456,2SEB,9354468
1459444,2HN7,17142892
1403132,2FZ3,17082594
1602968,1W0V,15713487
1588617,1KJV,12470953
1780928,3DXA,19139173
1780931,1D9K,10583947
1780995,1BD2,9586631
1603588,2ZSW,18949029
1781039,2CKB,9469799
1781213,1FO0,11017099
1781214,1KJ2,11911820
1403131,2FYY,17082594
1212445,1JPG,11580250
1864231,3BGM,18836451
315564,1DLH,8145819
6668,1WBY,15644207
1773141,1G6R,10755612
1781215,1NAM,12563259
1588615,1KJM,12470953
1589004,2CLR,7935798
1603587,2ZSV,18949029
1781233,2AK4,16186824
6693,1S9V,15020763
1207339,1FFP,12218131
1004788,1HOC,7506996
1004859,1IAO,9529149
3817467,6BXP,29437277
1022902,2BSR,15657948
1480054,1IAK,9529148
1781025,1LP9,14563323
1781210,2GJ6,16962135
1781216,2IAN,17334368
1781217,2IAM,17334368
1781218,2VLJ,18275829
1605391,2GUO,17719062
1605392,2GTZ,17719062
15946,1YN7,15735650
1480418,2FSE,16951351
1005013,1FYT,11060013
6667,1WBX,15644207
6669,1WBZ,15644207
7225,1XH3,15494511
1022905,2BSS,15657948
1479804,1F3J,10894169
1781220,2VLK,18275829
1480027,2IPK,17351628
1834431,3LN5,20934997
1788545,2Q7Y,18295796
1480800,1ZHL,15849183
1588607,1HSA,1525820
16156,1X7Q,16041067
1212420,1FG2,10993729
1588606,1VAD,7708669
1267200,2FWO,16473882
1831424,3I6L,20844028
1801201,3ILP,20080535
1478567,1ZHK,15849183
1480229,1IEA,8638119
1480801,1JK8,11376336
1475434,1AQD,9351812
6556,1T0N,15210799
7222,1S9W,15004033
1004944,1HHI,7694806
1004946,1HHG,7694806
1831741,3FTG,20711359
1838569,3OXR,21538979
1806703,2FIK,16537470
1838570,3OXS,21538979
1783412,2F74,16375919
1649810,3B3I,18650441
1460333,1QLF,10023771
1833553,3PQY,21606376
1602969,1W0W,15713487
1603260,1M6O,12939341
1977506,1I1F,10601290
1781221,2VLR,18275829
1781222,3FFC,19167249
1781234,2AK4,16186824
1781235,2F54,16600963
1781237,2F54,16600963
1781239,2F53,16600963
1597582,1JF1,11544315
1780018,2PYE,17644531
1852493,3LV3,21280120
1207338,1FFN,12218131
1207340,1FFO,12218131
7224,1S9X,15004033
1005002,1OGA,12796775
1603261,1N2R,12939341
1603433,2BCK,16323248
1603434,3ERY,18973345
1593316,2H6P,16963442
1356624,1A1O,8624812
1864232,3BH8,18836451
1801497,3DMM,19625641
7221,1UVQ,14769912
1004858,2IAD,9529149
1460328,1CE6,10023771
1403982,1XR8,17057332
15944,1YN6,15735650
1212444,1JPF,11580250
1003225,1S7W,15100292
1594134,2QRI,17719490
1594135,2QRS,17719490
1602966,1G7Q,12083518
1593324,1QVO,15128805
1356628,1A1M,8624812
1801494,3ECB,19625641
1803230,3KWW,20483993
1803231,3KXF,20483993
1005015,1J8H,11877480
22537,1ZT7,16148128
1004947,1HHK,7694806
1418233,1RJY,15557346
1804353,2XFX,20976198
1838568,3OX8,21538979
1774557,1B0G,9892618
1602967,1G7P,12083519
1769828,3L3H,20212169
1480135,1I3R,11371354
1709829,3GSO,19542454
1773142,1MWA,11994422
1773143,1AO7,8906788
1588608,1BZ9,9892618
1812702,3KYO,20122941
7223,1S9Y,15004033
6701,1OGT,14734527
1003223,1S7V,15100292
5208,1T0M,15210799
7448,1YDP,15718280
1782792,2BNR,15837811
1786577,1UQS,14764708
1585910,1DUZ,10843695
1971462,3W39,23236061
1962549,4H1L,23091041
1969015,4ELM,22820602
1831825,2XPG,21543847
1801186,3ILQ,20080535
1984806,1T22,16702212
1978069,4HX1,23566939
1984805,1T21,16702212
1984807,1T20,16702212
1956151,4GKN,22952231
1956150,4GKS,22952231
1848965,3I6G,20831383
1848966,3I6K,20831383
1713844,3H7B,20064447
1971309,3U0P,22395072
2014551,4MDI,24190431
2014552,4MD5,24190431
2014553,4MCZ,24190431
2014550,4MCY,24190431
2014554,4MD0,24190431
1970947,2V2X,15583017
1974507,4HUW,23493558
1974517,4HUU,23493558
2014555,4MD4,24190431
2014556,4MDJ,24190431
1970948,2V2W,15583017
1962304,3QUK,22837158
1962305,3QUL,22837158
1975828,3RZC,21810611
1976494,3QUZ,21552205
1981560,4JFP,23698002
1585911,1FZJ,11290333
1585912,1FZM,11290333
1927934,3ARD,21376639
1848955,2X4P,19655750
1981679,4JFO,23698002
1984645,3SDX,21804559
1585913,1FZK,11290333
1585914,1FZO,11290333
1971310,3TZV,22395072
1811884,1P1Z,14595439
1844796,1P4L,14595439
1514171,1D5Z,10841792
1514172,1D5X,10841792
1514173,1D6E,10841792
1788481,2H26,16874306
1848554,3QI9,21376640
1848588,3AU1,21376640
1584291,3CPL,19047637
1584445,2FO4,17067310
1584446,2AV7,16197958
1505354,2VLL,18275829
1962196,4F7E,23110152
1962197,4F7C,23110152
1975808,3D39,19698083
1975809,3D3V,19698083
1858727,3O8X,20921281
1858726,3O9W,20921281
1863352,3L6F,20417641
1862713,3HPJ,20619457
1831431,3LKN,20616031
1831432,3LKO,20616031
1510658,2NW3,17259989
1853166,3NWM,21825122
1974510,4HUV,23493558
1974508,4HUX,23493558
1974518,4HV8,23493558
1585915,1EEZ,11287414
1585916,1EEY,11287414
1831433,3LKP,20616031
1831434,3LKQ,20616031
1976498,3QUY,21552205
1976501,3QUX,21552205
1983073,4FTV,23805144
1981681,4JFQ,23698002
1585964,1QR1,10593938
1778881,3KPP,20064448
1778864,3KPL,20064448
1778880,3KPN,20064448
1794886,3GML,19732779
1584211,3DX8,19139173
1983071,4JQV,23749632
1866516,3QQ4,21900158
1866520,3QQ3,21900158
1981559,4JFF,23698002
1981676,4JFE,23698002
2008223,4JFD,23698002
1978068,4I48,23566939
1786866,2AKR,16314439
1865376,3KLA,20053942
1865543,3BO8,19177349
1977505,1I1Y,10601290
1976482,3QFJ,22019736
1977518,1AGD,8976183
1977521,1AGE,8976183
1977644,1AGC,8976183
1865141,3CH1,19789338
1865142,3CCH,19789338
1831435,3LKS,20616031
1831436,3LKR,20616031
1511836,1UXS,15537660
1511837,1UXW,15537660
1848940,2X4S,19655750
1848939,2X4R,19655750
1584450,3C5J,18697946
1584695,2CIK,17109469
1585908,1TVH,15814707
1972550,3RTQ,22301545
1557449,2ICW,17220897
1584070,1SYV,15226359
1584209,3DX6,19139173
1584071,1SYS,15226359
1794887,3GMM,19732779
1794888,3GMO,19732779
1794889,3GMN,19732779
1848938,2X4U,19655750
1848921,2X4O,19655750
1848918,2X4N,19655750
1848920,2X70,19655750
1862719,3FQX,19196958
1862722,3FQT,19196958
1983072,4JQX,23749632
1961299,3T1F,21892173
1584210,3DX7,19139173
1812701,3KYN,20122941
1794890,3GMR,19732779
1927802,3O3A,20806940
1984647,3SCM,21804559
1984648,3SDC,21804559
2006464,3GIV,19412183
2012332,1S7X,15100292
2012327,1S7Q,15100292
2012328,1S7U,15100292
2019481,1JL4,11535811
1816296,3O6F,21297580
1977646,1AGF,8976183
1977648,1AGB,8976183
1977437,1DDH,9761682
1977191,1BII,9729040
1865143,3CC5,19789338
1854062,3PGD,21115828
2006760,4IHO,23939911
2021327,4MQ7,24239091
2021934,4LCW,24101382
1862723,3FQU,19196958
1585909,1DUY,10843695
1850165,3IXA,20064447
1514125,1D5M,10841792
1850166,3H9H,20064447
1778883,3KPM,20064448
1927803,3O3B,20806940
1978070,4HWZ,23566939
2014906,4LHU,24076636
1854063,3PGC,21115828
1854064,3PDO,21115828
1510521,2ZOK,18322201
1511738,2VE6,18245382
1511839,2GIT,16962135
1584447,2AV1,16197958
1960759,4GG6,23063329
1983431,4AEN,22820093
1984842,1T1W,16702212
1984843,1T1X,16702212
1984844,1S8D,16702212
1984845,1T1Y,16702212
1984846,1T1Z,16702212
1985679,2C7U,16388312
1967643,4I4W,23255554
1968481,4FQX,23260142
1968482,4GBX,23260142
2096526,4NQV,24395804
2096527,4NQX,24395804
1937885,3SKO,22140258
1938895,3SKM,22140258
1976430,3RUG,21666690
1984646,3SDD,21804559
2012694,3TF7,22101157
2012695,3TPU,22101157
2012696,3TFK,22101157
2012697,3TJH,22101157
2007226,4IRJ,23960235
2019394,4MNQ,24196962
1953319,3VRI,22722860
1850159,3PWJ,21282516
1862718,3FQW,19196958
1862720,3FQN,19196958
1981451,4JRY,23569211
1982854,2HJK,16951352
1985806,3E6F,19620307
2011529,4IS6,24108701
1930221,3VCL,22323539
1960810,3LV3,21280120
2021479,4L29,24338476
2014705,4IIQ,23613577
2021480,4L3C,24338476
2012730,3TID,24127554
1898995,3P9L,22039305
1898998,3PAB,22039305
1899001,3P9M,22039305
1794885,3GMP,19732779
1927804,3O3D,20806940
1927805,3O3E,20806940
1983002,4EN3,23109910
1975989,4G9D,23521884
2006447,4K55,23872678
1953318,3VRJ,22722860
1942984,2X4T,19655751
2030850,4QRU,24509977
1862721,3FQR,19196958
1802234,3L9R,20519644
1802235,3L9R,20519644
1802187,3JVG,20100930
1801488,3DBX,19004781
1801835,3HE6,19592275
1954099,2WBJ,19303388
2006446,4JKW,23872678
1985809,3E6H,19620307
1985867,2BVP,16081817
1985870,2BVO,16081817
1985871,2BVQ,16081817
1985613,1ZVS,17202356
1942935,2X4Q,19655750
1801838,3HE7,19592275
1801836,3HUJ,19592275
1966212,2YPK,23161907
1966213,2YPL,23161907
1969741,1SJE,15331779
1969742,1SJH,15331779
1969489,3QXA,22084083
2012729,3TIE,24127554
2022190,4L9L,24108697
2014569,4LCC,24108697
2022176,4L8S,24108697
1969491,3QXD,22084083
1853676,3P73,21151886
1853678,3P77,21151886
1927929,3ARB,21376639
1927932,3ARG,21376639
1927935,3ARE,21376639
1953320,3VRJ,22722860
1981439,4JRX,23569211
1983275,1HSB,1448153
1982855,2HJL,16951352
1927938,3ARF,21376639
1930706,3REW,22160697
1958849,3VWJ,22995911
1958850,3VWK,22995911
1960472,3P4M,22536152
1960473,3P4N,22536152
1958972,3UPR,22645359
1959721,3UPR,22645359
2007227,4IRS,23960235
1903587,3HG1,19605354
1853873,3QIB,21490152
1853874,3QIU,21490152
1857814,1XZ0,15723809
1806702,1ZT4,16007090
1822298,2PO6,17581592
1970933,3VH8,22020283
1003224,1S7R,15100292
2012331,1S7T,15100292
1003226,1S7S,15100292
2008224,3UBX,22110136
2014598,3VXO,24192765
2014599,3VXP,24192765
2014597,3VXN,24192765
1955451,3C5Z,18308592
1955452,3C6L,18308592
1955454,3C60,18308592
1954022,4EI5,22820603
1937883,3SJV,22140258
1969138,1QO3,10604468
1971837,1E27,10975842
1971838,1E28,10975842
1953321,3VRI,22722860
1907579,1EEZ,11287414
1940981,3H9S,20064447
1903118,3PWP,21282516
1850157,3PWL,21282516
1850158,3PWN,21282516
1981580,4K7F,23678186
1931585,3PWU,21450819
1832109,3PWV,21450819
1930658,3ROO,22431983
1930659,3ROL,22431983
1930413,3UTQ,22245737
1960474,3P4O,22536152
1959540,4F7M,23015716
1959541,4F7P,23015716
1959542,4F7T,23015716
1853875,3QIW,21490152
1852474,3MA7,21389252
1965350,1A1N,8624811
1954125,3TA3,22069376
2883685,4ZUS,26764037
2883683,4ZUV,26764037
2883684,4ZUT,26764037
2857540,5IRO,27385781
2882684,5IND,27638468
2882582,5KSB,27568928
2882683,5IM7,27638468
2882686,5INC,27638468
2882575,5KS9,27568928
2882578,5KSA,27568928
2465941,4Y4F,26018083
2465942,4Y4H,26018083
2465943,4Y4K,26018083
2465944,4Y2D,26018083
2105207,4MJI,24600035
2105211,3WUW,24563253
2885468,5SWZ,27717799
2885469,5SWS,27717799
2381685,3MRE,25392532
2381684,3MRD,25392532
2381686,3MRG,25392532
2381687,3MRH,25392532
3000568,5MEO,27903649
3000569,5MEP,27903649
3000570,5MEQ,27903649
3000571,5MER,27903649
2467637,4Z78,26085090
2467638,4WDI,26085090
3137928,5ENW,28179428
3137929,5F7D,28179428
2119628,4PG2,25135637
2110131,4P2O,24855945
2110133,4P2R,24855945
2110134,4P2Q,24855945
2605771,4WUU,26688548
2621254,4ZFZ,26758274
2105302,4P23,24813203
2105317,4P46,24813203
2105318,4P5T,24813203
2107034,4PRI,24759101
2381688,3MRL,25392532
2381689,3MRO,25392532
2381690,3MRR,25392532
2390040,4X6F,25642819
2104708,4PV8,24795457
2104700,4PV9,24795457
2030851,4QRS,24509977
2114509,4P4R,24995984
2030852,4QRT,24509977
2114512,4P57,24995984
2402268,4UQ2,25348595
2402269,4UQ3,25348595
3000619,4MJ5,27738054
3000620,4MJ6,27738054
2369707,4PRP,24759101
2369706,4PRH,24759101
2660005,5D5M,26795251
2660007,5D7L,26795251
2660006,5D7J,26795251
2660008,5D7I,26795251
3001127,5F1I,27511732
3001128,5F1N,27511732
2098236,3MV9,20566715
2579977,5D2L,26429912
2579978,5D2N,26429912
2116136,4NT6,24990997
2116089,4OV5,25002586
2117570,3WEX,25020231
2114513,4P4K,24995984
2097623,4L4T,23846752
2925047,4X5W,27827392
2923939,5L2J,27807341
2923940,5L2K,27807341
2925048,4X5X,27827392
2097630,4L4V,23846752
2376073,3X13,25480565
2376071,3X11,25480565
2376072,3X12,25480565
2376074,3X14,25480565
2103169,4NQE,24695216
2103168,4NQD,24695216
2369612,4WJ5,25311806
2119221,3QEQ,21795600
2925672,5JLZ,27895642
2925673,5LAX,27895642
3000566,5MEN,27903649
2105750,3WL9,24886641
2105751,3WLB,24886641
2119217,3QDM,21795600
2119218,3QDG,21795600
3134127,5ISZ,28250417
3134128,5JHD,28250417
2883950,5SWQ,27645996
2104166,4OZG,24777060
2104167,4OZF,24777060
2104265,4HS3,24806963
2381525,4U6X,25505266
2467639,4Z76,26085090
2375331,4QOK,25471691
2119222,3QDJ,21795600
2369490,4ONO,25298532
2883686,4ZUW,26764037
2883689,4ZUU,26764037
2104156,4OZH,24777060
2116803,4PJ5,25049336
2467537,4ZAK,26078271
2724218,5D9S,26824387
2723541,5EU3,26917722
2723543,5EU4,26917722
2723545,5EU5,26917722
2465939,4Y16,26018083
2106430,4PR5,24759101
2106431,4PRD,24759101
2106428,4PRN,24759101
2106429,4PRB,24759101
2106432,4PRA,24759101
2106433,4PRE,24759101
2375604,4WO4,25452463
2375606,4QRR,25452463
2118925,4L3E,24550723
2097975,3L3G,20212169
2097976,3L3I,20212169
2445101,4MAY,24136005
2117747,3WS3,25063871
2115591,4O2C,24829406
2097977,3L3J,20212169
2097978,3L3K,20212169
2097889,4NQC,24695216
2851699,5C0A,27183389
2851700,5C09,27183389
2851701,5HYJ,27183389
2851702,5C0C,27183389
2827283,5HHP,27036003
2827284,5HHQ,27036003
2117749,3WS6,25063871
2517965,4Y19,26437244
2517966,4Y1A,26437244
2537076,5DMK,26453556
2461181,3VFU,22343629
2461182,3VFV,22343629
2461183,3VFW,22343629
2827285,5HHN,27036003
2827286,5HHO,27036003
2827287,5HHM,27036003
2117014,4PJE,25049336
2117015,4PJF,25049336
2851704,5C07,27183389
2851705,5C0B,27183389
2724217,5DDH,26824387
2683391,5E8N,26800871
2683396,5E8P,26800871
2115547,4O2E,24829406
2115593,4O2F,24829406
2642708,5DEG,26748477
2117025,4PJG,25049336
2683397,5E8O,26800871
2114522,4P5K,24995984
2390017,4X6E,25642819
2390019,4X6C,25642819
2642707,5DEF,26748477
2094113,4N8V,24550293
2423576,4U1J,25808313
2423577,4U1K,25808313
2423578,4U1L,25808313
2423579,4U1M,25808313
2423580,4U1N,25808313
2423581,4U1S,25808313
2390032,4X6D,25642819
2104137,4OZI,24777060
2461184,3VFN,22343629
2461185,3VFM,22343629
2830541,5H94,27170754
2751475,5EO1,26983786
2751474,5EO0,26983786
2765011,5FKP,27006394
2396849,4PGC,25605945
2396847,4PG9,25605945
2396848,4PGB,25605945
2461186,3VFO,22343629
2461187,3VFP,22343629
2765209,5B38,27045007
2765210,5B39,27045007
2396850,4PGD,25605945
2396851,4PGE,25605945
2765015,5EFI,27006394
2381531,4U6Y,25505266
2381683,3MRC,25392532
2423531,4U1H,25808313
2117039,4PJH,25049336
2117040,4PJX,25049336
2117043,4PJI,25049336
2117044,4PJA,25049336
2442702,4I5B,23976922
2442959,4XXC,25855358
2851450,5C0G,27183389
2851451,5C0D,27183389
2851452,5C0J,27183389
2851453,5C0F,27183389
2833311,5E9D,27238970
2851454,5C0E,27183389
2851456,5C0I,27183389
2445056,4GRL,24136005
2444705,4D0B,25860507
2444706,4D0C,25860507
2444707,4CVZ,25860507
2444708,2YEZ,25860507
2444709,4CVX,25860507
2444710,4D0D,25860507
2444711,4CW1,25860507
2461178,3VFR,22343629
2423532,4U1I,25808313
2444885,4L8D,24173108
2444886,4L8C,24173108
2444887,4L8B,24173108
2117045,4PJB,25049336
2117046,4PJC,25049336
2117047,4PJD,25049336
2117078,4PJ7,25049336
2117080,4PJ8,25049336
2117081,4PJ9,25049336
2097909,3L3D,20212169
2723237,5BRZ,26758806
2723238,5BS0,26758806
2723540,5EU6,26917722
2098234,3MV7,20566715
2827161,5C9J,26884207
2827162,5C9J,26884207
2114521,4P5M,24995984
2851703,5C08,27183389
2462238,4Z7V,25948817
2462239,4Z7U,25948817
2462240,4Z7W,25948817
2461179,3VFS,22343629
2461180,3VFT,22343629
3197610,5T70,28218747
3197611,5T6X,28218747
3197612,5T6W,28218747
3197613,5T6Z,28218747
3197614,5T6Y,28218747
3241746,5U1R,28166217
3202209,5GSV,27903740
3563386,5TEZ,28931605
3241749,5U2V,28166217
3241751,5U17,28166217
3241753,5U16,28166217
3241755,5U6Q,28166217
4562691,3TBT,22837158
4562692,3TBV,22837158
3270288,5IEH,27920218
3241757,5U72,28166217
3243408,4NO2,28903331
3243406,4NNX,28903331
3243407,4NNY,28903331
3802643,6BIZ,29317506
3802644,6BIR,29317506
3802645,6BIX,29317506
3803817,5WLI,29150238
3803818,5WLG,29150238
3243412,4NO5,28903331
3243410,4NO0,28903331
3243411,4NO3,28903331
3202231,5GSB,27903740
3804383,5VZ5,29441070
3795943,5JWE,29253009
3795944,5JWD,29253009
3838477,5OQG,29599287
3838881,6BNK,29576533
3838883,6BNL,29576533
3798916,6BLQ,29255035
3802640,6BIL,29317506
3802638,6BIN,29317506
3802639,6BIY,29317506
3802641,6BIJ,29317506
3798922,6BLX,29255035
3798923,5UJT,29255035
3802642,6BIV,29317506
4550834,5WSH,29950410
4550835,5E00,29950410
3931467,5NQ0,29772011
3931468,5NPZ,29772011
3931469,5NQ2,29772011
3830149,5J1A,27548435
3835114,4WWK,26875526
3835115,4WW2,26875526
3931470,5NQ1,29772011
3931471,5NQ3,29772011
3955198,5NIG,29853344
3955197,5NI9,29853344
4254466,6GH1,30087334
4551191,3UTS,22245737
4551190,3UTT,22245737
4551435,3MRB,19542454
4551437,3MRJ,19542454
4551445,3MRM,19542454
4551450,3MRN,19542454
4551452,3MRP,19542454
4551453,3GSN,19542454
4551537,3MRI,19542454
4140699,6BJ2,30053426
4140700,6BJ3,30053426
4140702,6BJ8,30053426
4478379,5WWU,30087171
4478380,5WXD,30087171
4478381,5WXC,30087171
4551459,3RWH,22084443
3477181,5XS3,28655516
4562605,3CZF,16221670
4562606,5AD0,18083574
4562607,4D0C,18083574
4562609,4D0B,18083574
4562610,5ACZ,18083574
4562690,3TBS,22837158
4562693,3TBW,22837158
4562701,3TBY,22837158
3806758,5XMF,29263258
3806774,5XMM,29263258
4551550,3NFN,21645925
4551461,3RWI,22084443
4551462,3RWJ,22084443
4551551,3QZW,21645925
4551857,3VXR,24192765
3477288,3QFD,21937447
3480551,3RGV,21683626
3480564,6ATZ,28801345
3480566,6ATF,28801345
3480567,6ATI,28801345
3137931,5EOT,28179428
3137932,5F9J,28179428
3137933,5FDW,28179428
3137934,5FA4,28179428
3786911,5WET,29025991
3786912,5WEU,29025991
3349758,5V4M,28467828
3349760,5V4N,28467828
3341545,5U98,28686208
3341546,5U98,28686208
3476980,5W6A,28855257
3476981,5W69,28855257
3202228,5GR7,27903740
3477370,4NNX,28903331
3477373,4NNY,28903331
3466587,5GRD,28698575
3825378,6AT5,29531227
3825379,6AVF,29531227
3825380,6AVG,29531227
3563415,5WJL,28945243
3563416,5WKF,28945243
3563417,5WJN,28945243
3563419,5WKH,28945243
3350944,5IVX,28508865
3477374,4NO2,28903331
3477375,4NO0,28903331
3477376,4NO3,28903331
3478292,4NO5,28903331
4047596,6EI2,29712860
3786449,5TW5,28655912
3786410,5TW2,28655912
3786649,5WKG,29054999
3786647,5WKE,29054999
3786650,5WL1,29054999
3467665,5VCL,28767728
3804382,5TXS,29441070
3804384,6AT9,29441070
3817468,6BXQ,29437277
4583645,6AMT,30224695
4583647,6AMU,30224695
3798957,6BLR,29255035
3788008,5N6B,28975614
3830306,5MZM,29507106
3838479,5OQI,29599287
3838478,5OQF,29599287
3838480,5OQH,29599287
3929541,5WMO,29735483
3929547,3SPV,29735483
3929543,5WMN,29735483
3929545,5WMP,29735483
3929550,5WMQ,29735483
3929552,5WMR,29735483
3802894,6BMH,29351991
3802897,6BMK,29351991
3794641,5NMG,29209312
3794639,5NME,29209312
3794640,5NMF,29209312
3794642,5NMH,29209312
3794643,5NMK,29209312
3968802,6CPO,29884618
3968798,6CPL,29884618
3968801,6CPN,29884618
3968803,6CQJ,29884618
3968804,6CQL,29884618
3968805,6CQN,29884618
3968806,6CQQ,29884618
3968807,6CQR,29884618
4551436,3MR9,19542454
3480514,5W67,28855257
3799133,5XOV,28615212
3338675,5V5L,28552904
3338676,5V5M,28552904
3352098,5GJY,28490583
3352099,5GJX,28490583
3786311,5WES,29025991
3786315,5W1V,28972140
3786316,5W1W,28972140
4255471,6GGM,30087334
4255470,6GH4,30087334
4255472,6GHN,30087334
4255474,6GL1,30087334
3799136,5XOT,28615212
3799143,5XOS,28615212
4551454,3RWE,22084443
4551455,3RWC,22084443
4551442,3MRK,19542454
4551456,3RWD,22084443
4551457,3RWF,22084443
4583651,6AM5,30224695
4551860,3W0W,24192765
4557313,4N5E,26523866
3803862,5KD4,29374075
3803861,5KD7,29374075
3803863,5T7G,29374075
4551458,3RWG,22084443
4551552,3RL1,21943705
4551554,3RL2,21943705
4551855,4G8G,23521884
4551856,4G9F,23521884
4551858,3VXM,24192765
4551859,3VXU,24192765
4551861,3VXS,24192765
1504469,1VGK,15272181
4552002,1W72,15537658
4552098,3JTT,21561910
4552054,3HCV,18650441
4552010,4NSK,22837158
4552057,3DTX,18650441
4552099,3JTS,21561910
4562386,4MVB,26523866
4552199,4LNR,25028510
4562388,4MS8,26523866
4562390,4MXQ,26523866
4562392,4N0C,26523866
3202213,5GSR,27903740
3202000,5N1Y,27183389
3258698,5KSU,28364043
3466589,5GSD,28698575
3466597,5GRG,28698575
3473792,5VGD,28649982
3258884,5KSV,28364043
3473798,5VGE,28649982
3198257,5EUO,28423320
3198286,5E6I,28423320
3137930,5FA3,28179428
3467714,3VJ6,22131332
3264733,5IEK,27920218
3202222,5GSX,27903740
3339205,5JZI,28572406
